day,source_rows,valid_rows,exception_events
2026-08-01,34,32,2
2026-08-02,34,34,4
2026-08-03,34,34,0
2026-08-04,34,34,0
2026-08-05,34,34,0
2026-08-06,34,34,0
2026-08-07,34,34,0
2026-08-08,34,34,0
2026-08-09,34,34,0
2026-08-10,34,34,0
2026-08-11,35,30,5
2026-08-12,33,33,0
2026-08-13,33,33,0
2026-08-14,33,33,0
2026-08-15,33,33,0
2026-08-16,33,33,0
2026-08-17,33,33,0
2026-08-18,33,33,0
2026-08-19,33,33,0
2026-08-20,33,33,0
2026-08-21,33,33,0
2026-08-22,33,33,2
2026-08-23,33,33,0
2026-08-24,33,33,0
2026-08-25,33,33,0
2026-08-26,33,33,0
2026-08-27,33,33,0
2026-08-28,33,33,0
2026-08-29,33,33,0
2026-08-30,33,33,0
