id,day,feed,type,detail
TX00010,2026-08-11,CORE,MISSING_ACCOUNT,Blank account
TX00040,2026-08-11,CORE,INVALID_CURRENCY,Unexpected currency
TX00070,2026-08-11,CORE,INVALID_AMOUNT,Nonpositive amount
TX00100,2026-08-11,CORE,DUPLICATE_ID,Repeated source ID
TX00151,2026-08-02,CARDS,MISSING_TARGET,Not found in target
TX00201,2026-08-22,CARDS,AMOUNT_MISMATCH,Source/target amount differs
TX00300,2026-08-01,CORE,DUPLICATE_ID,Repeated source ID
TX00451,2026-08-02,CARDS,MISSING_TARGET,Not found in target
TX00601,2026-08-02,CARDS,AMOUNT_MISMATCH,Source/target amount differs
TX00751,2026-08-02,CARDS,MISSING_TARGET,Not found in target
TX00801,2026-08-22,CARDS,CURRENCY_MISMATCH,Source/target currency differs
TX00100,2026-08-11,CORE,DUPLICATE_ID,Repeated source ID
TX00300,2026-08-01,CORE,DUPLICATE_ID,Repeated source ID
