txn_id,date,feed,exception_type,detail
T00010,2026-08-11,CORE,MISSING_ACCOUNT,Blank account
T00040,2026-08-11,CORE,INVALID_CURRENCY,Expected SGD
T00070,2026-08-11,CORE,INVALID_AMOUNT,Non-positive amount
T00100,2026-08-11,CORE,DUPLICATE_ID,Duplicate source ID
T00300,2026-08-01,CORE,DUPLICATE_ID,Duplicate source ID
T00100,2026-08-11,CORE,DUPLICATE_ID,Duplicate source ID
T00300,2026-08-01,CORE,DUPLICATE_ID,Duplicate source ID
T00151,2026-08-02,CARDS,MISSING_TARGET,No matching target record
T00201,2026-08-22,CARDS,AMOUNT_MISMATCH,Source 87539 / target 88789 cents
T00451,2026-08-02,CARDS,MISSING_TARGET,No matching target record
T00601,2026-08-02,CARDS,AMOUNT_MISMATCH,Source 19462 / target 20712 cents
T00801,2026-08-22,CARDS,CURRENCY_MISMATCH,Source SGD / target USD
