id,day,feed,account,amount_cents,currency
TX00001,2026-08-02,CARDS,AC1654,14692,SGD
TX00002,2026-08-03,CORE,AC1025,97296,SGD
TX00003,2026-08-04,CARDS,AC1281,32198,SGD
TX00004,2026-08-05,CORE,AC1228,18389,SGD
TX00005,2026-08-06,CARDS,AC1754,13534,SGD
TX00006,2026-08-07,CORE,AC1692,97180,SGD
TX00007,2026-08-08,CARDS,AC1913,71582,SGD
TX00008,2026-08-09,CORE,AC1089,77497,SGD
TX00009,2026-08-10,CARDS,AC1432,4265,SGD
TX00010,2026-08-11,CORE,,12380,SGD
TX00011,2026-08-12,CARDS,AC1223,30595,SGD
TX00012,2026-08-13,CORE,AC1517,79007,SGD
TX00013,2026-08-14,CARDS,AC1027,73663,SGD
TX00014,2026-08-15,CORE,AC1203,93950,SGD
TX00015,2026-08-16,CARDS,AC1665,92024,SGD
TX00016,2026-08-17,CORE,AC1558,55087,SGD
TX00017,2026-08-18,CARDS,AC1225,58978,SGD
TX00018,2026-08-19,CORE,AC1603,36563,SGD
TX00019,2026-08-20,CARDS,AC1828,951,SGD
TX00020,2026-08-21,CORE,AC1777,21026,SGD
TX00021,2026-08-22,CARDS,AC1714,55492,SGD
TX00022,2026-08-23,CORE,AC1348,36521,SGD
TX00023,2026-08-24,CARDS,AC1159,28321,SGD
TX00024,2026-08-25,CORE,AC1980,44218,SGD
TX00025,2026-08-26,CARDS,AC1104,12256,SGD
TX00026,2026-08-27,CORE,AC1389,12776,SGD
TX00027,2026-08-28,CARDS,AC1367,45182,SGD
TX00028,2026-08-29,CORE,AC1618,34771,SGD
TX00029,2026-08-30,CARDS,AC1826,5795,SGD
TX00030,2026-08-01,CORE,AC1747,60317,SGD
TX00031,2026-08-02,CARDS,AC1549,16461,SGD
TX00032,2026-08-03,CORE,AC1996,49715,SGD
TX00033,2026-08-04,CARDS,AC1080,72457,SGD
TX00034,2026-08-05,CORE,AC1300,82497,SGD
TX00035,2026-08-06,CARDS,AC1633,47500,SGD
TX00036,2026-08-07,CORE,AC1591,25303,SGD
TX00037,2026-08-08,CARDS,AC1721,9216,SGD
TX00038,2026-08-09,CORE,AC1046,86773,SGD
TX00039,2026-08-10,CARDS,AC1233,38030,SGD
TX00040,2026-08-11,CORE,AC1081,30612,XYZ
TX00041,2026-08-12,CARDS,AC1887,13338,SGD
TX00042,2026-08-13,CORE,AC1389,36534,SGD
TX00043,2026-08-14,CARDS,AC1464,83420,SGD
TX00044,2026-08-15,CORE,AC1854,47919,SGD
TX00045,2026-08-16,CARDS,AC1166,48620,SGD
TX00046,2026-08-17,CORE,AC1363,27560,SGD
TX00047,2026-08-18,CARDS,AC1686,35093,SGD
TX00048,2026-08-19,CORE,AC1718,89693,SGD
TX00049,2026-08-20,CARDS,AC1663,9458,SGD
TX00050,2026-08-21,CORE,AC1623,83327,SGD
TX00051,2026-08-22,CARDS,AC1175,70110,SGD
TX00052,2026-08-23,CORE,AC1746,32187,SGD
TX00053,2026-08-24,CARDS,AC1167,60689,SGD
TX00054,2026-08-25,CORE,AC1388,35482,SGD
TX00055,2026-08-26,CARDS,AC1947,83986,SGD
TX00056,2026-08-27,CORE,AC1704,73100,SGD
TX00057,2026-08-28,CARDS,AC1224,89833,SGD
TX00058,2026-08-29,CORE,AC1332,7431,SGD
TX00059,2026-08-30,CARDS,AC1234,4307,SGD
TX00060,2026-08-01,CORE,AC1824,41447,SGD
TX00061,2026-08-02,CARDS,AC1410,35193,SGD
TX00062,2026-08-03,CORE,AC1067,27753,SGD
TX00063,2026-08-04,CARDS,AC1935,74441,SGD
TX00064,2026-08-05,CORE,AC1897,94198,SGD
TX00065,2026-08-06,CARDS,AC1322,27969,SGD
TX00066,2026-08-07,CORE,AC1671,65535,SGD
TX00067,2026-08-08,CARDS,AC1405,84359,SGD
TX00068,2026-08-09,CORE,AC1469,18826,SGD
TX00069,2026-08-10,CARDS,AC1271,18401,SGD
TX00070,2026-08-11,CORE,AC1252,-100,SGD
TX00071,2026-08-12,CARDS,AC1574,70744,SGD
TX00072,2026-08-13,CORE,AC1269,98012,SGD
TX00073,2026-08-14,CARDS,AC1598,56255,SGD
TX00074,2026-08-15,CORE,AC1919,76584,SGD
TX00075,2026-08-16,CARDS,AC1408,47547,SGD
TX00076,2026-08-17,CORE,AC1224,18231,SGD
TX00077,2026-08-18,CARDS,AC1521,64786,SGD
TX00078,2026-08-19,CORE,AC1093,99161,SGD
TX00079,2026-08-20,CARDS,AC1048,14471,SGD
TX00080,2026-08-21,CORE,AC1156,82340,SGD
TX00081,2026-08-22,CARDS,AC1163,89292,SGD
TX00082,2026-08-23,CORE,AC1432,78272,SGD
TX00083,2026-08-24,CARDS,AC1065,50532,SGD
TX00084,2026-08-25,CORE,AC1390,78204,SGD
TX00085,2026-08-26,CARDS,AC1479,69452,SGD
TX00086,2026-08-27,CORE,AC1257,72612,SGD
TX00087,2026-08-28,CARDS,AC1881,1604,SGD
TX00088,2026-08-29,CORE,AC1696,94566,SGD
TX00089,2026-08-30,CARDS,AC1117,89453,SGD
TX00090,2026-08-01,CORE,AC1906,70481,SGD
TX00091,2026-08-02,CARDS,AC1768,35073,SGD
TX00092,2026-08-03,CORE,AC1787,84112,SGD
TX00093,2026-08-04,CARDS,AC1348,14721,SGD
TX00094,2026-08-05,CORE,AC1300,57085,SGD
TX00095,2026-08-06,CARDS,AC1161,59570,SGD
TX00096,2026-08-07,CORE,AC1003,94746,SGD
TX00097,2026-08-08,CARDS,AC1896,94429,SGD
TX00098,2026-08-09,CORE,AC1269,65712,SGD
TX00099,2026-08-10,CARDS,AC1780,23516,SGD
TX00100,2026-08-11,CORE,AC1519,14047,SGD
TX00101,2026-08-12,CARDS,AC1891,82059,SGD
TX00102,2026-08-13,CORE,AC1305,83848,SGD
TX00103,2026-08-14,CARDS,AC1519,79918,SGD
TX00104,2026-08-15,CORE,AC1203,20132,SGD
TX00105,2026-08-16,CARDS,AC1382,21274,SGD
TX00106,2026-08-17,CORE,AC1552,69614,SGD
TX00107,2026-08-18,CARDS,AC1940,174,SGD
TX00108,2026-08-19,CORE,AC1613,42587,SGD
TX00109,2026-08-20,CARDS,AC1500,2652,SGD
TX00110,2026-08-21,CORE,AC1114,47676,SGD
TX00111,2026-08-22,CARDS,AC1899,40406,SGD
TX00112,2026-08-23,CORE,AC1245,7692,SGD
TX00113,2026-08-24,CARDS,AC1246,74464,SGD
TX00114,2026-08-25,CORE,AC1969,10422,SGD
TX00115,2026-08-26,CARDS,AC1087,96032,SGD
TX00116,2026-08-27,CORE,AC1497,9171,SGD
TX00117,2026-08-28,CARDS,AC1778,69922,SGD
TX00118,2026-08-29,CORE,AC1784,16583,SGD
TX00119,2026-08-30,CARDS,AC1131,86574,SGD
TX00120,2026-08-01,CORE,AC1486,72163,SGD
TX00121,2026-08-02,CARDS,AC1169,34841,SGD
TX00122,2026-08-03,CORE,AC1540,79607,SGD
TX00123,2026-08-04,CARDS,AC1433,27860,SGD
TX00124,2026-08-05,CORE,AC1951,70786,SGD
TX00125,2026-08-06,CARDS,AC1773,95773,SGD
TX00126,2026-08-07,CORE,AC1706,26465,SGD
TX00127,2026-08-08,CARDS,AC1730,40957,SGD
TX00128,2026-08-09,CORE,AC1408,88139,SGD
TX00129,2026-08-10,CARDS,AC1665,49044,SGD
TX00130,2026-08-11,CORE,AC1448,67939,SGD
TX00131,2026-08-12,CARDS,AC1462,15960,SGD
TX00132,2026-08-13,CORE,AC1253,29551,SGD
TX00133,2026-08-14,CARDS,AC1065,44413,SGD
TX00134,2026-08-15,CORE,AC1021,77210,SGD
TX00135,2026-08-16,CARDS,AC1567,30261,SGD
TX00136,2026-08-17,CORE,AC1602,28964,SGD
TX00137,2026-08-18,CARDS,AC1007,9405,SGD
TX00138,2026-08-19,CORE,AC1724,82819,SGD
TX00139,2026-08-20,CARDS,AC1060,30107,SGD
TX00140,2026-08-21,CORE,AC1069,4217,SGD
TX00141,2026-08-22,CARDS,AC1880,43409,SGD
TX00142,2026-08-23,CORE,AC1072,67491,SGD
TX00143,2026-08-24,CARDS,AC1243,36600,SGD
TX00144,2026-08-25,CORE,AC1685,63724,SGD
TX00145,2026-08-26,CARDS,AC1219,70778,SGD
TX00146,2026-08-27,CORE,AC1135,94911,SGD
TX00147,2026-08-28,CARDS,AC1957,74947,SGD
TX00148,2026-08-29,CORE,AC1590,62053,SGD
TX00149,2026-08-30,CARDS,AC1248,62093,SGD
TX00150,2026-08-01,CORE,AC1826,53454,SGD
TX00151,2026-08-02,CARDS,AC1194,12463,SGD
TX00152,2026-08-03,CORE,AC1099,86474,SGD
TX00153,2026-08-04,CARDS,AC1441,46538,SGD
TX00154,2026-08-05,CORE,AC1433,53983,SGD
TX00155,2026-08-06,CARDS,AC1478,95661,SGD
TX00156,2026-08-07,CORE,AC1055,88359,SGD
TX00157,2026-08-08,CARDS,AC1669,84796,SGD
TX00158,2026-08-09,CORE,AC1100,8044,SGD
TX00159,2026-08-10,CARDS,AC1412,95548,SGD
TX00160,2026-08-11,CORE,AC1347,14422,SGD
TX00161,2026-08-12,CARDS,AC1254,25212,SGD
TX00162,2026-08-13,CORE,AC1194,70392,SGD
TX00163,2026-08-14,CARDS,AC1459,18473,SGD
TX00164,2026-08-15,CORE,AC1432,24150,SGD
TX00165,2026-08-16,CARDS,AC1285,60737,SGD
TX00166,2026-08-17,CORE,AC1255,9980,SGD
TX00167,2026-08-18,CARDS,AC1453,72232,SGD
TX00168,2026-08-19,CORE,AC1100,6730,SGD
TX00169,2026-08-20,CARDS,AC1667,70955,SGD
TX00170,2026-08-21,CORE,AC1856,2034,SGD
TX00171,2026-08-22,CARDS,AC1992,12324,SGD
TX00172,2026-08-23,CORE,AC1948,98871,SGD
TX00173,2026-08-24,CARDS,AC1869,31082,SGD
TX00174,2026-08-25,CORE,AC1170,53369,SGD
TX00175,2026-08-26,CARDS,AC1497,63192,SGD
TX00176,2026-08-27,CORE,AC1218,52665,SGD
TX00177,2026-08-28,CARDS,AC1924,7785,SGD
TX00178,2026-08-29,CORE,AC1168,49772,SGD
TX00179,2026-08-30,CARDS,AC1002,51273,SGD
TX00180,2026-08-01,CORE,AC1271,59738,SGD
TX00181,2026-08-02,CARDS,AC1292,55544,SGD
TX00182,2026-08-03,CORE,AC1713,95848,SGD
TX00183,2026-08-04,CARDS,AC1802,72945,SGD
TX00184,2026-08-05,CORE,AC1677,94263,SGD
TX00185,2026-08-06,CARDS,AC1498,20389,SGD
TX00186,2026-08-07,CORE,AC1194,38990,SGD
TX00187,2026-08-08,CARDS,AC1222,7765,SGD
TX00188,2026-08-09,CORE,AC1593,96534,SGD
TX00189,2026-08-10,CARDS,AC1555,8089,SGD
TX00190,2026-08-11,CORE,AC1765,41204,SGD
TX00191,2026-08-12,CARDS,AC1058,6672,SGD
TX00192,2026-08-13,CORE,AC1598,62593,SGD
TX00193,2026-08-14,CARDS,AC1514,69715,SGD
TX00194,2026-08-15,CORE,AC1161,7555,SGD
TX00195,2026-08-16,CARDS,AC1983,66662,SGD
TX00196,2026-08-17,CORE,AC1082,24456,SGD
TX00197,2026-08-18,CARDS,AC1070,78092,SGD
TX00198,2026-08-19,CORE,AC1069,88601,SGD
TX00199,2026-08-20,CARDS,AC1882,30928,SGD
TX00200,2026-08-21,CORE,AC1413,15813,SGD
TX00201,2026-08-22,CARDS,AC1964,74768,SGD
TX00202,2026-08-23,CORE,AC1252,75980,SGD
TX00203,2026-08-24,CARDS,AC1608,5309,SGD
TX00204,2026-08-25,CORE,AC1634,10845,SGD
TX00205,2026-08-26,CARDS,AC1429,86263,SGD
TX00206,2026-08-27,CORE,AC1597,74185,SGD
TX00207,2026-08-28,CARDS,AC1535,41567,SGD
TX00208,2026-08-29,CORE,AC1957,34279,SGD
TX00209,2026-08-30,CARDS,AC1209,87882,SGD
TX00210,2026-08-01,CORE,AC1733,41280,SGD
TX00211,2026-08-02,CARDS,AC1244,34914,SGD
TX00212,2026-08-03,CORE,AC1405,17254,SGD
TX00213,2026-08-04,CARDS,AC1687,84707,SGD
TX00214,2026-08-05,CORE,AC1307,60029,SGD
TX00215,2026-08-06,CARDS,AC1323,98648,SGD
TX00216,2026-08-07,CORE,AC1958,9608,SGD
TX00217,2026-08-08,CARDS,AC1009,60168,SGD
TX00218,2026-08-09,CORE,AC1636,73892,SGD
TX00219,2026-08-10,CARDS,AC1102,9702,SGD
TX00220,2026-08-11,CORE,AC1550,28038,SGD
TX00221,2026-08-12,CARDS,AC1518,34860,SGD
TX00222,2026-08-13,CORE,AC1135,45845,SGD
TX00223,2026-08-14,CARDS,AC1902,9116,SGD
TX00224,2026-08-15,CORE,AC1900,32118,SGD
TX00225,2026-08-16,CARDS,AC1378,37453,SGD
TX00226,2026-08-17,CORE,AC1161,57533,SGD
TX00227,2026-08-18,CARDS,AC1853,71300,SGD
TX00228,2026-08-19,CORE,AC1720,39751,SGD
TX00229,2026-08-20,CARDS,AC1626,85817,SGD
TX00230,2026-08-21,CORE,AC1541,1125,SGD
TX00231,2026-08-22,CARDS,AC1683,72792,SGD
TX00232,2026-08-23,CORE,AC1306,87051,SGD
TX00233,2026-08-24,CARDS,AC1106,17701,SGD
TX00234,2026-08-25,CORE,AC1270,15229,SGD
TX00235,2026-08-26,CARDS,AC1911,14129,SGD
TX00236,2026-08-27,CORE,AC1760,72612,SGD
TX00237,2026-08-28,CARDS,AC1159,35797,SGD
TX00238,2026-08-29,CORE,AC1288,79376,SGD
TX00239,2026-08-30,CARDS,AC1215,94158,SGD
TX00240,2026-08-01,CORE,AC1351,26785,SGD
TX00241,2026-08-02,CARDS,AC1703,83230,SGD
TX00242,2026-08-03,CORE,AC1873,34700,SGD
TX00243,2026-08-04,CARDS,AC1517,64132,SGD
TX00244,2026-08-05,CORE,AC1257,6758,SGD
TX00245,2026-08-06,CARDS,AC1094,83236,SGD
TX00246,2026-08-07,CORE,AC1433,36365,SGD
TX00247,2026-08-08,CARDS,AC1045,564,SGD
TX00248,2026-08-09,CORE,AC1341,17246,SGD
TX00249,2026-08-10,CARDS,AC1652,34435,SGD
TX00250,2026-08-11,CORE,AC1165,97254,SGD
TX00251,2026-08-12,CARDS,AC1452,72409,SGD
TX00252,2026-08-13,CORE,AC1722,56157,SGD
TX00253,2026-08-14,CARDS,AC1574,1367,SGD
TX00254,2026-08-15,CORE,AC1114,9962,SGD
TX00255,2026-08-16,CARDS,AC1967,90673,SGD
TX00256,2026-08-17,CORE,AC1925,19636,SGD
TX00257,2026-08-18,CARDS,AC1558,4822,SGD
TX00258,2026-08-19,CORE,AC1854,48493,SGD
TX00259,2026-08-20,CARDS,AC1596,72520,SGD
TX00260,2026-08-21,CORE,AC1151,56433,SGD
TX00261,2026-08-22,CARDS,AC1130,5582,SGD
TX00262,2026-08-23,CORE,AC1315,47895,SGD
TX00263,2026-08-24,CARDS,AC1920,5329,SGD
TX00264,2026-08-25,CORE,AC1920,46998,SGD
TX00265,2026-08-26,CARDS,AC1215,89499,SGD
TX00266,2026-08-27,CORE,AC1255,87516,SGD
TX00267,2026-08-28,CARDS,AC1105,46457,SGD
TX00268,2026-08-29,CORE,AC1798,73485,SGD
TX00269,2026-08-30,CARDS,AC1905,53364,SGD
TX00270,2026-08-01,CORE,AC1997,81451,SGD
TX00271,2026-08-02,CARDS,AC1767,20357,SGD
TX00272,2026-08-03,CORE,AC1947,31129,SGD
TX00273,2026-08-04,CARDS,AC1885,21399,SGD
TX00274,2026-08-05,CORE,AC1999,23306,SGD
TX00275,2026-08-06,CARDS,AC1902,54140,SGD
TX00276,2026-08-07,CORE,AC1025,23609,SGD
TX00277,2026-08-08,CARDS,AC1754,43640,SGD
TX00278,2026-08-09,CORE,AC1801,54064,SGD
TX00279,2026-08-10,CARDS,AC1821,87906,SGD
TX00280,2026-08-11,CORE,AC1884,96445,SGD
TX00281,2026-08-12,CARDS,AC1830,32627,SGD
TX00282,2026-08-13,CORE,AC1273,20966,SGD
TX00283,2026-08-14,CARDS,AC1806,92017,SGD
TX00284,2026-08-15,CORE,AC1110,50240,SGD
TX00285,2026-08-16,CARDS,AC1893,5175,SGD
TX00286,2026-08-17,CORE,AC1879,61794,SGD
TX00287,2026-08-18,CARDS,AC1227,26258,SGD
TX00288,2026-08-19,CORE,AC1836,60432,SGD
TX00289,2026-08-20,CARDS,AC1358,40101,SGD
TX00290,2026-08-21,CORE,AC1840,29931,SGD
TX00291,2026-08-22,CARDS,AC1228,3201,SGD
TX00292,2026-08-23,CORE,AC1675,25413,SGD
TX00293,2026-08-24,CARDS,AC1408,43125,SGD
TX00294,2026-08-25,CORE,AC1285,9199,SGD
TX00295,2026-08-26,CARDS,AC1990,36685,SGD
TX00296,2026-08-27,CORE,AC1359,84180,SGD
TX00297,2026-08-28,CARDS,AC1521,52486,SGD
TX00298,2026-08-29,CORE,AC1695,70382,SGD
TX00299,2026-08-30,CARDS,AC1339,3717,SGD
TX00300,2026-08-01,CORE,AC1118,34337,SGD
TX00301,2026-08-02,CARDS,AC1182,76199,SGD
TX00302,2026-08-03,CORE,AC1985,34895,SGD
TX00303,2026-08-04,CARDS,AC1039,14308,SGD
TX00304,2026-08-05,CORE,AC1610,57059,SGD
TX00305,2026-08-06,CARDS,AC1353,95591,SGD
TX00306,2026-08-07,CORE,AC1805,41214,SGD
TX00307,2026-08-08,CARDS,AC1446,79557,SGD
TX00308,2026-08-09,CORE,AC1523,15257,SGD
TX00309,2026-08-10,CARDS,AC1394,75674,SGD
TX00310,2026-08-11,CORE,AC1194,33486,SGD
TX00311,2026-08-12,CARDS,AC1045,93001,SGD
TX00312,2026-08-13,CORE,AC1446,321,SGD
TX00313,2026-08-14,CARDS,AC1532,70675,SGD
TX00314,2026-08-15,CORE,AC1703,94397,SGD
TX00315,2026-08-16,CARDS,AC1962,97348,SGD
TX00316,2026-08-17,CORE,AC1754,88000,SGD
TX00317,2026-08-18,CARDS,AC1201,47839,SGD
TX00318,2026-08-19,CORE,AC1441,9271,SGD
TX00319,2026-08-20,CARDS,AC1971,87162,SGD
TX00320,2026-08-21,CORE,AC1942,43379,SGD
TX00321,2026-08-22,CARDS,AC1638,41245,SGD
TX00322,2026-08-23,CORE,AC1679,16434,SGD
TX00323,2026-08-24,CARDS,AC1737,39463,SGD
TX00324,2026-08-25,CORE,AC1519,40638,SGD
TX00325,2026-08-26,CARDS,AC1682,53628,SGD
TX00326,2026-08-27,CORE,AC1334,52843,SGD
TX00327,2026-08-28,CARDS,AC1713,38852,SGD
TX00328,2026-08-29,CORE,AC1567,16783,SGD
TX00329,2026-08-30,CARDS,AC1196,55208,SGD
TX00330,2026-08-01,CORE,AC1680,49795,SGD
TX00331,2026-08-02,CARDS,AC1693,98159,SGD
TX00332,2026-08-03,CORE,AC1924,22910,SGD
TX00333,2026-08-04,CARDS,AC1630,74693,SGD
TX00334,2026-08-05,CORE,AC1308,53325,SGD
TX00335,2026-08-06,CARDS,AC1561,153,SGD
TX00336,2026-08-07,CORE,AC1311,37706,SGD
TX00337,2026-08-08,CARDS,AC1215,56446,SGD
TX00338,2026-08-09,CORE,AC1804,76119,SGD
TX00339,2026-08-10,CARDS,AC1621,85913,SGD
TX00340,2026-08-11,CORE,AC1329,61046,SGD
TX00341,2026-08-12,CARDS,AC1452,58054,SGD
TX00342,2026-08-13,CORE,AC1691,28110,SGD
TX00343,2026-08-14,CARDS,AC1523,62121,SGD
TX00344,2026-08-15,CORE,AC1812,96563,SGD
TX00345,2026-08-16,CARDS,AC1173,86456,SGD
TX00346,2026-08-17,CORE,AC1086,37296,SGD
TX00347,2026-08-18,CARDS,AC1527,87112,SGD
TX00348,2026-08-19,CORE,AC1648,81267,SGD
TX00349,2026-08-20,CARDS,AC1343,12340,SGD
TX00350,2026-08-21,CORE,AC1838,98553,SGD
TX00351,2026-08-22,CARDS,AC1240,88284,SGD
TX00352,2026-08-23,CORE,AC1317,29544,SGD
TX00353,2026-08-24,CARDS,AC1825,26200,SGD
TX00354,2026-08-25,CORE,AC1150,3301,SGD
TX00355,2026-08-26,CARDS,AC1047,32192,SGD
TX00356,2026-08-27,CORE,AC1486,80220,SGD
TX00357,2026-08-28,CARDS,AC1870,9645,SGD
TX00358,2026-08-29,CORE,AC1466,54421,SGD
TX00359,2026-08-30,CARDS,AC1907,82644,SGD
TX00360,2026-08-01,CORE,AC1589,25585,SGD
TX00361,2026-08-02,CARDS,AC1735,91372,SGD
TX00362,2026-08-03,CORE,AC1393,64899,SGD
TX00363,2026-08-04,CARDS,AC1409,32079,SGD
TX00364,2026-08-05,CORE,AC1151,86090,SGD
TX00365,2026-08-06,CARDS,AC1704,826,SGD
TX00366,2026-08-07,CORE,AC1914,98530,SGD
TX00367,2026-08-08,CARDS,AC1881,14070,SGD
TX00368,2026-08-09,CORE,AC1797,55824,SGD
TX00369,2026-08-10,CARDS,AC1224,23153,SGD
TX00370,2026-08-11,CORE,AC1823,91314,SGD
TX00371,2026-08-12,CARDS,AC1530,60989,SGD
TX00372,2026-08-13,CORE,AC1051,73160,SGD
TX00373,2026-08-14,CARDS,AC1255,16006,SGD
TX00374,2026-08-15,CORE,AC1467,17577,SGD
TX00375,2026-08-16,CARDS,AC1820,61001,SGD
TX00376,2026-08-17,CORE,AC1683,69716,SGD
TX00377,2026-08-18,CARDS,AC1572,78147,SGD
TX00378,2026-08-19,CORE,AC1324,99092,SGD
TX00379,2026-08-20,CARDS,AC1912,58108,SGD
TX00380,2026-08-21,CORE,AC1627,94376,SGD
TX00381,2026-08-22,CARDS,AC1913,66262,SGD
TX00382,2026-08-23,CORE,AC1436,71910,SGD
TX00383,2026-08-24,CARDS,AC1456,20961,SGD
TX00384,2026-08-25,CORE,AC1761,62316,SGD
TX00385,2026-08-26,CARDS,AC1460,34072,SGD
TX00386,2026-08-27,CORE,AC1769,32506,SGD
TX00387,2026-08-28,CARDS,AC1860,83679,SGD
TX00388,2026-08-29,CORE,AC1283,68427,SGD
TX00389,2026-08-30,CARDS,AC1496,82249,SGD
TX00390,2026-08-01,CORE,AC1244,36092,SGD
TX00391,2026-08-02,CARDS,AC1450,10255,SGD
TX00392,2026-08-03,CORE,AC1730,37550,SGD
TX00393,2026-08-04,CARDS,AC1240,35714,SGD
TX00394,2026-08-05,CORE,AC1343,42004,SGD
TX00395,2026-08-06,CARDS,AC1914,70898,SGD
TX00396,2026-08-07,CORE,AC1082,18236,SGD
TX00397,2026-08-08,CARDS,AC1154,30411,SGD
TX00398,2026-08-09,CORE,AC1392,91057,SGD
TX00399,2026-08-10,CARDS,AC1156,92691,SGD
TX00400,2026-08-11,CORE,AC1219,8518,SGD
TX00401,2026-08-12,CARDS,AC1424,53524,SGD
TX00402,2026-08-13,CORE,AC1338,71221,SGD
TX00403,2026-08-14,CARDS,AC1477,54596,SGD
TX00404,2026-08-15,CORE,AC1063,27210,SGD
TX00405,2026-08-16,CARDS,AC1852,55169,SGD
TX00406,2026-08-17,CORE,AC1398,76656,SGD
TX00407,2026-08-18,CARDS,AC1968,91263,SGD
TX00408,2026-08-19,CORE,AC1020,75556,SGD
TX00409,2026-08-20,CARDS,AC1389,62618,SGD
TX00410,2026-08-21,CORE,AC1006,46205,SGD
TX00411,2026-08-22,CARDS,AC1305,98859,SGD
TX00412,2026-08-23,CORE,AC1399,55021,SGD
TX00413,2026-08-24,CARDS,AC1551,98078,SGD
TX00414,2026-08-25,CORE,AC1752,71682,SGD
TX00415,2026-08-26,CARDS,AC1819,79169,SGD
TX00416,2026-08-27,CORE,AC1919,29006,SGD
TX00417,2026-08-28,CARDS,AC1499,28860,SGD
TX00418,2026-08-29,CORE,AC1279,57225,SGD
TX00419,2026-08-30,CARDS,AC1497,3904,SGD
TX00420,2026-08-01,CORE,AC1398,44157,SGD
TX00421,2026-08-02,CARDS,AC1684,89116,SGD
TX00422,2026-08-03,CORE,AC1817,53094,SGD
TX00423,2026-08-04,CARDS,AC1741,21732,SGD
TX00424,2026-08-05,CORE,AC1860,61361,SGD
TX00425,2026-08-06,CARDS,AC1941,16828,SGD
TX00426,2026-08-07,CORE,AC1637,70108,SGD
TX00427,2026-08-08,CARDS,AC1027,51745,SGD
TX00428,2026-08-09,CORE,AC1606,74075,SGD
TX00429,2026-08-10,CARDS,AC1678,3652,SGD
TX00430,2026-08-11,CORE,AC1085,84346,SGD
TX00431,2026-08-12,CARDS,AC1438,17886,SGD
TX00432,2026-08-13,CORE,AC1887,60615,SGD
TX00433,2026-08-14,CARDS,AC1186,6690,SGD
TX00434,2026-08-15,CORE,AC1266,49789,SGD
TX00435,2026-08-16,CARDS,AC1335,27842,SGD
TX00436,2026-08-17,CORE,AC1465,42940,SGD
TX00437,2026-08-18,CARDS,AC1345,99875,SGD
TX00438,2026-08-19,CORE,AC1900,49792,SGD
TX00439,2026-08-20,CARDS,AC1284,98667,SGD
TX00440,2026-08-21,CORE,AC1974,55355,SGD
TX00441,2026-08-22,CARDS,AC1258,10835,SGD
TX00442,2026-08-23,CORE,AC1481,2640,SGD
TX00443,2026-08-24,CARDS,AC1767,70802,SGD
TX00444,2026-08-25,CORE,AC1053,45970,SGD
TX00445,2026-08-26,CARDS,AC1229,85315,SGD
TX00446,2026-08-27,CORE,AC1070,85526,SGD
TX00447,2026-08-28,CARDS,AC1041,98958,SGD
TX00448,2026-08-29,CORE,AC1031,32511,SGD
TX00449,2026-08-30,CARDS,AC1204,2771,SGD
TX00450,2026-08-01,CORE,AC1636,20073,SGD
TX00451,2026-08-02,CARDS,AC1244,16644,SGD
TX00452,2026-08-03,CORE,AC1484,87847,SGD
TX00453,2026-08-04,CARDS,AC1117,74020,SGD
TX00454,2026-08-05,CORE,AC1970,28669,SGD
TX00455,2026-08-06,CARDS,AC1476,91780,SGD
TX00456,2026-08-07,CORE,AC1262,48451,SGD
TX00457,2026-08-08,CARDS,AC1171,79515,SGD
TX00458,2026-08-09,CORE,AC1621,98132,SGD
TX00459,2026-08-10,CARDS,AC1735,15112,SGD
TX00460,2026-08-11,CORE,AC1796,21565,SGD
TX00461,2026-08-12,CARDS,AC1987,40868,SGD
TX00462,2026-08-13,CORE,AC1110,75949,SGD
TX00463,2026-08-14,CARDS,AC1026,40988,SGD
TX00464,2026-08-15,CORE,AC1589,88881,SGD
TX00465,2026-08-16,CARDS,AC1929,49292,SGD
TX00466,2026-08-17,CORE,AC1406,93818,SGD
TX00467,2026-08-18,CARDS,AC1203,10061,SGD
TX00468,2026-08-19,CORE,AC1606,90620,SGD
TX00469,2026-08-20,CARDS,AC1850,82313,SGD
TX00470,2026-08-21,CORE,AC1248,13456,SGD
TX00471,2026-08-22,CARDS,AC1713,39629,SGD
TX00472,2026-08-23,CORE,AC1870,89787,SGD
TX00473,2026-08-24,CARDS,AC1614,15966,SGD
TX00474,2026-08-25,CORE,AC1815,74277,SGD
TX00475,2026-08-26,CARDS,AC1801,5483,SGD
TX00476,2026-08-27,CORE,AC1355,69927,SGD
TX00477,2026-08-28,CARDS,AC1438,86806,SGD
TX00478,2026-08-29,CORE,AC1379,9138,SGD
TX00479,2026-08-30,CARDS,AC1518,84974,SGD
TX00480,2026-08-01,CORE,AC1349,1758,SGD
TX00481,2026-08-02,CARDS,AC1869,55157,SGD
TX00482,2026-08-03,CORE,AC1842,64351,SGD
TX00483,2026-08-04,CARDS,AC1108,56922,SGD
TX00484,2026-08-05,CORE,AC1983,47572,SGD
TX00485,2026-08-06,CARDS,AC1650,60358,SGD
TX00486,2026-08-07,CORE,AC1724,20152,SGD
TX00487,2026-08-08,CARDS,AC1445,23186,SGD
TX00488,2026-08-09,CORE,AC1751,68486,SGD
TX00489,2026-08-10,CARDS,AC1988,85356,SGD
TX00490,2026-08-11,CORE,AC1276,80828,SGD
TX00491,2026-08-12,CARDS,AC1827,70639,SGD
TX00492,2026-08-13,CORE,AC1793,63472,SGD
TX00493,2026-08-14,CARDS,AC1476,57191,SGD
TX00494,2026-08-15,CORE,AC1845,95917,SGD
TX00495,2026-08-16,CARDS,AC1606,35279,SGD
TX00496,2026-08-17,CORE,AC1330,32277,SGD
TX00497,2026-08-18,CARDS,AC1850,11459,SGD
TX00498,2026-08-19,CORE,AC1285,59187,SGD
TX00499,2026-08-20,CARDS,AC1249,98466,SGD
TX00500,2026-08-21,CORE,AC1475,74791,SGD
TX00501,2026-08-22,CARDS,AC1624,87680,SGD
TX00502,2026-08-23,CORE,AC1388,44192,SGD
TX00503,2026-08-24,CARDS,AC1029,64889,SGD
TX00504,2026-08-25,CORE,AC1871,42700,SGD
TX00505,2026-08-26,CARDS,AC1186,64004,SGD
TX00506,2026-08-27,CORE,AC1217,46607,SGD
TX00507,2026-08-28,CARDS,AC1816,33962,SGD
TX00508,2026-08-29,CORE,AC1348,36755,SGD
TX00509,2026-08-30,CARDS,AC1901,78239,SGD
TX00510,2026-08-01,CORE,AC1718,36311,SGD
TX00511,2026-08-02,CARDS,AC1569,1430,SGD
TX00512,2026-08-03,CORE,AC1529,25142,SGD
TX00513,2026-08-04,CARDS,AC1087,31735,SGD
TX00514,2026-08-05,CORE,AC1737,53371,SGD
TX00515,2026-08-06,CARDS,AC1500,72868,SGD
TX00516,2026-08-07,CORE,AC1776,31599,SGD
TX00517,2026-08-08,CARDS,AC1707,62502,SGD
TX00518,2026-08-09,CORE,AC1661,93402,SGD
TX00519,2026-08-10,CARDS,AC1502,58843,SGD
TX00520,2026-08-11,CORE,AC1811,2360,SGD
TX00521,2026-08-12,CARDS,AC1095,38666,SGD
TX00522,2026-08-13,CORE,AC1226,53105,SGD
TX00523,2026-08-14,CARDS,AC1708,31990,SGD
TX00524,2026-08-15,CORE,AC1313,87126,SGD
TX00525,2026-08-16,CARDS,AC1595,48468,SGD
TX00526,2026-08-17,CORE,AC1484,72644,SGD
TX00527,2026-08-18,CARDS,AC1543,45156,SGD
TX00528,2026-08-19,CORE,AC1435,97871,SGD
TX00529,2026-08-20,CARDS,AC1563,43457,SGD
TX00530,2026-08-21,CORE,AC1360,92224,SGD
TX00531,2026-08-22,CARDS,AC1464,35609,SGD
TX00532,2026-08-23,CORE,AC1313,33051,SGD
TX00533,2026-08-24,CARDS,AC1236,15914,SGD
TX00534,2026-08-25,CORE,AC1738,25342,SGD
TX00535,2026-08-26,CARDS,AC1323,15770,SGD
TX00536,2026-08-27,CORE,AC1760,70336,SGD
TX00537,2026-08-28,CARDS,AC1973,90561,SGD
TX00538,2026-08-29,CORE,AC1189,25205,SGD
TX00539,2026-08-30,CARDS,AC1221,96910,SGD
TX00540,2026-08-01,CORE,AC1495,36341,SGD
TX00541,2026-08-02,CARDS,AC1741,77378,SGD
TX00542,2026-08-03,CORE,AC1778,68865,SGD
TX00543,2026-08-04,CARDS,AC1611,37193,SGD
TX00544,2026-08-05,CORE,AC1102,25543,SGD
TX00545,2026-08-06,CARDS,AC1303,29916,SGD
TX00546,2026-08-07,CORE,AC1369,23619,SGD
TX00547,2026-08-08,CARDS,AC1309,1954,SGD
TX00548,2026-08-09,CORE,AC1725,70110,SGD
TX00549,2026-08-10,CARDS,AC1129,36054,SGD
TX00550,2026-08-11,CORE,AC1046,7246,SGD
TX00551,2026-08-12,CARDS,AC1566,38390,SGD
TX00552,2026-08-13,CORE,AC1714,16651,SGD
TX00553,2026-08-14,CARDS,AC1653,98769,SGD
TX00554,2026-08-15,CORE,AC1502,13546,SGD
TX00555,2026-08-16,CARDS,AC1893,1707,SGD
TX00556,2026-08-17,CORE,AC1587,37368,SGD
TX00557,2026-08-18,CARDS,AC1480,62846,SGD
TX00558,2026-08-19,CORE,AC1451,44757,SGD
TX00559,2026-08-20,CARDS,AC1188,6834,SGD
TX00560,2026-08-21,CORE,AC1258,62716,SGD
TX00561,2026-08-22,CARDS,AC1116,8664,SGD
TX00562,2026-08-23,CORE,AC1410,64554,SGD
TX00563,2026-08-24,CARDS,AC1075,75731,SGD
TX00564,2026-08-25,CORE,AC1644,90074,SGD
TX00565,2026-08-26,CARDS,AC1054,19987,SGD
TX00566,2026-08-27,CORE,AC1152,73872,SGD
TX00567,2026-08-28,CARDS,AC1971,39924,SGD
TX00568,2026-08-29,CORE,AC1087,32630,SGD
TX00569,2026-08-30,CARDS,AC1121,73247,SGD
TX00570,2026-08-01,CORE,AC1782,54648,SGD
TX00571,2026-08-02,CARDS,AC1620,78235,SGD
TX00572,2026-08-03,CORE,AC1809,81157,SGD
TX00573,2026-08-04,CARDS,AC1231,68594,SGD
TX00574,2026-08-05,CORE,AC1389,59149,SGD
TX00575,2026-08-06,CARDS,AC1930,58128,SGD
TX00576,2026-08-07,CORE,AC1304,77239,SGD
TX00577,2026-08-08,CARDS,AC1439,40126,SGD
TX00578,2026-08-09,CORE,AC1582,81499,SGD
TX00579,2026-08-10,CARDS,AC1061,80005,SGD
TX00580,2026-08-11,CORE,AC1983,97104,SGD
TX00581,2026-08-12,CARDS,AC1101,27335,SGD
TX00582,2026-08-13,CORE,AC1640,27759,SGD
TX00583,2026-08-14,CARDS,AC1270,86663,SGD
TX00584,2026-08-15,CORE,AC1083,20685,SGD
TX00585,2026-08-16,CARDS,AC1245,22882,SGD
TX00586,2026-08-17,CORE,AC1565,9938,SGD
TX00587,2026-08-18,CARDS,AC1160,450,SGD
TX00588,2026-08-19,CORE,AC1418,59148,SGD
TX00589,2026-08-20,CARDS,AC1705,77932,SGD
TX00590,2026-08-21,CORE,AC1481,38275,SGD
TX00591,2026-08-22,CARDS,AC1033,30440,SGD
TX00592,2026-08-23,CORE,AC1295,92762,SGD
TX00593,2026-08-24,CARDS,AC1289,92241,SGD
TX00594,2026-08-25,CORE,AC1880,59610,SGD
TX00595,2026-08-26,CARDS,AC1072,90196,SGD
TX00596,2026-08-27,CORE,AC1239,34775,SGD
TX00597,2026-08-28,CARDS,AC1806,82027,SGD
TX00598,2026-08-29,CORE,AC1603,86762,SGD
TX00599,2026-08-30,CARDS,AC1823,26028,SGD
TX00600,2026-08-01,CORE,AC1435,15143,SGD
TX00601,2026-08-02,CARDS,AC1557,29566,SGD
TX00602,2026-08-03,CORE,AC1663,19628,SGD
TX00603,2026-08-04,CARDS,AC1930,34916,SGD
TX00604,2026-08-05,CORE,AC1846,18743,SGD
TX00605,2026-08-06,CARDS,AC1073,7916,SGD
TX00606,2026-08-07,CORE,AC1169,40419,SGD
TX00607,2026-08-08,CARDS,AC1609,98267,SGD
TX00608,2026-08-09,CORE,AC1844,74707,SGD
TX00609,2026-08-10,CARDS,AC1943,37928,SGD
TX00610,2026-08-11,CORE,AC1449,16399,SGD
TX00611,2026-08-12,CARDS,AC1479,90366,SGD
TX00612,2026-08-13,CORE,AC1311,91815,SGD
TX00613,2026-08-14,CARDS,AC1412,35783,SGD
TX00614,2026-08-15,CORE,AC1512,70876,SGD
TX00615,2026-08-16,CARDS,AC1505,57477,SGD
TX00616,2026-08-17,CORE,AC1082,78485,SGD
TX00617,2026-08-18,CARDS,AC1040,56726,SGD
TX00618,2026-08-19,CORE,AC1752,42347,SGD
TX00619,2026-08-20,CARDS,AC1618,32916,SGD
TX00620,2026-08-21,CORE,AC1026,12070,SGD
TX00621,2026-08-22,CARDS,AC1234,88481,SGD
TX00622,2026-08-23,CORE,AC1856,75492,SGD
TX00623,2026-08-24,CARDS,AC1601,2819,SGD
TX00624,2026-08-25,CORE,AC1783,88217,SGD
TX00625,2026-08-26,CARDS,AC1841,35425,SGD
TX00626,2026-08-27,CORE,AC1590,5373,SGD
TX00627,2026-08-28,CARDS,AC1781,99225,SGD
TX00628,2026-08-29,CORE,AC1179,61769,SGD
TX00629,2026-08-30,CARDS,AC1531,85494,SGD
TX00630,2026-08-01,CORE,AC1452,36558,SGD
TX00631,2026-08-02,CARDS,AC1185,76820,SGD
TX00632,2026-08-03,CORE,AC1446,83302,SGD
TX00633,2026-08-04,CARDS,AC1833,64551,SGD
TX00634,2026-08-05,CORE,AC1992,12059,SGD
TX00635,2026-08-06,CARDS,AC1481,45707,SGD
TX00636,2026-08-07,CORE,AC1418,43787,SGD
TX00637,2026-08-08,CARDS,AC1328,87935,SGD
TX00638,2026-08-09,CORE,AC1107,21179,SGD
TX00639,2026-08-10,CARDS,AC1337,54055,SGD
TX00640,2026-08-11,CORE,AC1710,65042,SGD
TX00641,2026-08-12,CARDS,AC1295,86946,SGD
TX00642,2026-08-13,CORE,AC1967,52588,SGD
TX00643,2026-08-14,CARDS,AC1833,99780,SGD
TX00644,2026-08-15,CORE,AC1563,4909,SGD
TX00645,2026-08-16,CARDS,AC1465,11642,SGD
TX00646,2026-08-17,CORE,AC1322,33182,SGD
TX00647,2026-08-18,CARDS,AC1331,15294,SGD
TX00648,2026-08-19,CORE,AC1993,53076,SGD
TX00649,2026-08-20,CARDS,AC1885,67549,SGD
TX00650,2026-08-21,CORE,AC1844,250,SGD
TX00651,2026-08-22,CARDS,AC1673,71218,SGD
TX00652,2026-08-23,CORE,AC1473,54265,SGD
TX00653,2026-08-24,CARDS,AC1055,24686,SGD
TX00654,2026-08-25,CORE,AC1530,47519,SGD
TX00655,2026-08-26,CARDS,AC1637,99248,SGD
TX00656,2026-08-27,CORE,AC1510,82073,SGD
TX00657,2026-08-28,CARDS,AC1452,99713,SGD
TX00658,2026-08-29,CORE,AC1052,26780,SGD
TX00659,2026-08-30,CARDS,AC1273,72087,SGD
TX00660,2026-08-01,CORE,AC1134,37852,SGD
TX00661,2026-08-02,CARDS,AC1448,91621,SGD
TX00662,2026-08-03,CORE,AC1496,16015,SGD
TX00663,2026-08-04,CARDS,AC1029,82678,SGD
TX00664,2026-08-05,CORE,AC1623,31465,SGD
TX00665,2026-08-06,CARDS,AC1726,20858,SGD
TX00666,2026-08-07,CORE,AC1318,72299,SGD
TX00667,2026-08-08,CARDS,AC1014,72484,SGD
TX00668,2026-08-09,CORE,AC1417,12317,SGD
TX00669,2026-08-10,CARDS,AC1230,14971,SGD
TX00670,2026-08-11,CORE,AC1472,15496,SGD
TX00671,2026-08-12,CARDS,AC1663,20281,SGD
TX00672,2026-08-13,CORE,AC1510,94026,SGD
TX00673,2026-08-14,CARDS,AC1298,66798,SGD
TX00674,2026-08-15,CORE,AC1722,35938,SGD
TX00675,2026-08-16,CARDS,AC1425,63342,SGD
TX00676,2026-08-17,CORE,AC1483,32046,SGD
TX00677,2026-08-18,CARDS,AC1467,72355,SGD
TX00678,2026-08-19,CORE,AC1148,50377,SGD
TX00679,2026-08-20,CARDS,AC1195,78661,SGD
TX00680,2026-08-21,CORE,AC1520,97918,SGD
TX00681,2026-08-22,CARDS,AC1900,17992,SGD
TX00682,2026-08-23,CORE,AC1884,9250,SGD
TX00683,2026-08-24,CARDS,AC1282,54487,SGD
TX00684,2026-08-25,CORE,AC1348,66650,SGD
TX00685,2026-08-26,CARDS,AC1273,436,SGD
TX00686,2026-08-27,CORE,AC1289,95264,SGD
TX00687,2026-08-28,CARDS,AC1305,77031,SGD
TX00688,2026-08-29,CORE,AC1593,86599,SGD
TX00689,2026-08-30,CARDS,AC1501,19576,SGD
TX00690,2026-08-01,CORE,AC1457,70692,SGD
TX00691,2026-08-02,CARDS,AC1495,45336,SGD
TX00692,2026-08-03,CORE,AC1340,72440,SGD
TX00693,2026-08-04,CARDS,AC1781,71328,SGD
TX00694,2026-08-05,CORE,AC1386,59782,SGD
TX00695,2026-08-06,CARDS,AC1955,42276,SGD
TX00696,2026-08-07,CORE,AC1890,24827,SGD
TX00697,2026-08-08,CARDS,AC1714,31400,SGD
TX00698,2026-08-09,CORE,AC1585,50296,SGD
TX00699,2026-08-10,CARDS,AC1239,53941,SGD
TX00700,2026-08-11,CORE,AC1044,41804,SGD
TX00701,2026-08-12,CARDS,AC1762,62093,SGD
TX00702,2026-08-13,CORE,AC1722,50068,SGD
TX00703,2026-08-14,CARDS,AC1395,87091,SGD
TX00704,2026-08-15,CORE,AC1811,85561,SGD
TX00705,2026-08-16,CARDS,AC1155,65023,SGD
TX00706,2026-08-17,CORE,AC1987,4952,SGD
TX00707,2026-08-18,CARDS,AC1129,65936,SGD
TX00708,2026-08-19,CORE,AC1988,77456,SGD
TX00709,2026-08-20,CARDS,AC1339,13254,SGD
TX00710,2026-08-21,CORE,AC1895,57811,SGD
TX00711,2026-08-22,CARDS,AC1102,69037,SGD
TX00712,2026-08-23,CORE,AC1932,59990,SGD
TX00713,2026-08-24,CARDS,AC1015,94792,SGD
TX00714,2026-08-25,CORE,AC1147,53836,SGD
TX00715,2026-08-26,CARDS,AC1891,85923,SGD
TX00716,2026-08-27,CORE,AC1993,20332,SGD
TX00717,2026-08-28,CARDS,AC1076,61637,SGD
TX00718,2026-08-29,CORE,AC1800,34837,SGD
TX00719,2026-08-30,CARDS,AC1346,81791,SGD
TX00720,2026-08-01,CORE,AC1709,52198,SGD
TX00721,2026-08-02,CARDS,AC1665,10627,SGD
TX00722,2026-08-03,CORE,AC1872,43165,SGD
TX00723,2026-08-04,CARDS,AC1872,88489,SGD
TX00724,2026-08-05,CORE,AC1879,70042,SGD
TX00725,2026-08-06,CARDS,AC1389,41605,SGD
TX00726,2026-08-07,CORE,AC1641,94303,SGD
TX00727,2026-08-08,CARDS,AC1908,99636,SGD
TX00728,2026-08-09,CORE,AC1499,71012,SGD
TX00729,2026-08-10,CARDS,AC1036,81031,SGD
TX00730,2026-08-11,CORE,AC1070,30871,SGD
TX00731,2026-08-12,CARDS,AC1646,89805,SGD
TX00732,2026-08-13,CORE,AC1943,37767,SGD
TX00733,2026-08-14,CARDS,AC1232,97980,SGD
TX00734,2026-08-15,CORE,AC1092,56981,SGD
TX00735,2026-08-16,CARDS,AC1100,99763,SGD
TX00736,2026-08-17,CORE,AC1648,92360,SGD
TX00737,2026-08-18,CARDS,AC1893,13273,SGD
TX00738,2026-08-19,CORE,AC1454,21905,SGD
TX00739,2026-08-20,CARDS,AC1710,39351,SGD
TX00740,2026-08-21,CORE,AC1925,3894,SGD
TX00741,2026-08-22,CARDS,AC1047,42616,SGD
TX00742,2026-08-23,CORE,AC1815,7455,SGD
TX00743,2026-08-24,CARDS,AC1300,47084,SGD
TX00744,2026-08-25,CORE,AC1383,56550,SGD
TX00745,2026-08-26,CARDS,AC1149,32107,SGD
TX00746,2026-08-27,CORE,AC1543,54108,SGD
TX00747,2026-08-28,CARDS,AC1579,89464,SGD
TX00748,2026-08-29,CORE,AC1811,23700,SGD
TX00749,2026-08-30,CARDS,AC1174,23046,SGD
TX00750,2026-08-01,CORE,AC1080,79987,SGD
TX00751,2026-08-02,CARDS,AC1891,50240,SGD
TX00752,2026-08-03,CORE,AC1634,89639,SGD
TX00753,2026-08-04,CARDS,AC1246,65330,SGD
TX00754,2026-08-05,CORE,AC1934,76535,SGD
TX00755,2026-08-06,CARDS,AC1146,30533,SGD
TX00756,2026-08-07,CORE,AC1472,83711,SGD
TX00757,2026-08-08,CARDS,AC1260,60336,SGD
TX00758,2026-08-09,CORE,AC1261,87504,SGD
TX00759,2026-08-10,CARDS,AC1009,61081,SGD
TX00760,2026-08-11,CORE,AC1922,37800,SGD
TX00761,2026-08-12,CARDS,AC1693,71743,SGD
TX00762,2026-08-13,CORE,AC1161,9781,SGD
TX00763,2026-08-14,CARDS,AC1452,45393,SGD
TX00764,2026-08-15,CORE,AC1601,39310,SGD
TX00765,2026-08-16,CARDS,AC1654,55715,SGD
TX00766,2026-08-17,CORE,AC1706,32880,SGD
TX00767,2026-08-18,CARDS,AC1467,39699,SGD
TX00768,2026-08-19,CORE,AC1203,50522,SGD
TX00769,2026-08-20,CARDS,AC1873,63435,SGD
TX00770,2026-08-21,CORE,AC1109,31191,SGD
TX00771,2026-08-22,CARDS,AC1390,75063,SGD
TX00772,2026-08-23,CORE,AC1367,75441,SGD
TX00773,2026-08-24,CARDS,AC1302,91755,SGD
TX00774,2026-08-25,CORE,AC1302,2975,SGD
TX00775,2026-08-26,CARDS,AC1849,86375,SGD
TX00776,2026-08-27,CORE,AC1405,36076,SGD
TX00777,2026-08-28,CARDS,AC1008,74277,SGD
TX00778,2026-08-29,CORE,AC1885,89989,SGD
TX00779,2026-08-30,CARDS,AC1796,97705,SGD
TX00780,2026-08-01,CORE,AC1996,6528,SGD
TX00781,2026-08-02,CARDS,AC1932,79582,SGD
TX00782,2026-08-03,CORE,AC1763,65207,SGD
TX00783,2026-08-04,CARDS,AC1852,37612,SGD
TX00784,2026-08-05,CORE,AC1794,30262,SGD
TX00785,2026-08-06,CARDS,AC1621,46279,SGD
TX00786,2026-08-07,CORE,AC1224,83542,SGD
TX00787,2026-08-08,CARDS,AC1194,81481,SGD
TX00788,2026-08-09,CORE,AC1256,88935,SGD
TX00789,2026-08-10,CARDS,AC1773,94593,SGD
TX00790,2026-08-11,CORE,AC1785,86500,SGD
TX00791,2026-08-12,CARDS,AC1697,18027,SGD
TX00792,2026-08-13,CORE,AC1643,12835,SGD
TX00793,2026-08-14,CARDS,AC1925,82342,SGD
TX00794,2026-08-15,CORE,AC1661,5267,SGD
TX00795,2026-08-16,CARDS,AC1316,57879,SGD
TX00796,2026-08-17,CORE,AC1034,76065,SGD
TX00797,2026-08-18,CARDS,AC1373,96091,SGD
TX00798,2026-08-19,CORE,AC1134,11913,SGD
TX00799,2026-08-20,CARDS,AC1931,38780,SGD
TX00800,2026-08-21,CORE,AC1334,98073,SGD
TX00801,2026-08-22,CARDS,AC1425,23121,SGD
TX00802,2026-08-23,CORE,AC1205,17422,SGD
TX00803,2026-08-24,CARDS,AC1805,70801,SGD
TX00804,2026-08-25,CORE,AC1897,48053,SGD
TX00805,2026-08-26,CARDS,AC1543,65871,SGD
TX00806,2026-08-27,CORE,AC1935,35820,SGD
TX00807,2026-08-28,CARDS,AC1850,21667,SGD
TX00808,2026-08-29,CORE,AC1263,63256,SGD
TX00809,2026-08-30,CARDS,AC1990,38784,SGD
TX00810,2026-08-01,CORE,AC1764,44496,SGD
TX00811,2026-08-02,CARDS,AC1823,15195,SGD
TX00812,2026-08-03,CORE,AC1479,9969,SGD
TX00813,2026-08-04,CARDS,AC1144,98948,SGD
TX00814,2026-08-05,CORE,AC1989,29671,SGD
TX00815,2026-08-06,CARDS,AC1880,88747,SGD
TX00816,2026-08-07,CORE,AC1741,88495,SGD
TX00817,2026-08-08,CARDS,AC1406,73148,SGD
TX00818,2026-08-09,CORE,AC1374,11936,SGD
TX00819,2026-08-10,CARDS,AC1809,51817,SGD
TX00820,2026-08-11,CORE,AC1014,34763,SGD
TX00821,2026-08-12,CARDS,AC1549,16299,SGD
TX00822,2026-08-13,CORE,AC1465,48411,SGD
TX00823,2026-08-14,CARDS,AC1688,98274,SGD
TX00824,2026-08-15,CORE,AC1688,34462,SGD
TX00825,2026-08-16,CARDS,AC1598,50041,SGD
TX00826,2026-08-17,CORE,AC1842,83795,SGD
TX00827,2026-08-18,CARDS,AC1962,48789,SGD
TX00828,2026-08-19,CORE,AC1110,88552,SGD
TX00829,2026-08-20,CARDS,AC1239,61897,SGD
TX00830,2026-08-21,CORE,AC1025,81305,SGD
TX00831,2026-08-22,CARDS,AC1905,73684,SGD
TX00832,2026-08-23,CORE,AC1335,80064,SGD
TX00833,2026-08-24,CARDS,AC1226,84989,SGD
TX00834,2026-08-25,CORE,AC1064,83383,SGD
TX00835,2026-08-26,CARDS,AC1843,60952,SGD
TX00836,2026-08-27,CORE,AC1931,91991,SGD
TX00837,2026-08-28,CARDS,AC1309,85197,SGD
TX00838,2026-08-29,CORE,AC1418,15392,SGD
TX00839,2026-08-30,CARDS,AC1143,6043,SGD
TX00840,2026-08-01,CORE,AC1968,4977,SGD
TX00841,2026-08-02,CARDS,AC1311,64669,SGD
TX00842,2026-08-03,CORE,AC1118,12839,SGD
TX00843,2026-08-04,CARDS,AC1240,70557,SGD
TX00844,2026-08-05,CORE,AC1138,51040,SGD
TX00845,2026-08-06,CARDS,AC1464,48729,SGD
TX00846,2026-08-07,CORE,AC1686,97504,SGD
TX00847,2026-08-08,CARDS,AC1713,70904,SGD
TX00848,2026-08-09,CORE,AC1429,77083,SGD
TX00849,2026-08-10,CARDS,AC1760,95336,SGD
TX00850,2026-08-11,CORE,AC1158,54479,SGD
TX00851,2026-08-12,CARDS,AC1670,13078,SGD
TX00852,2026-08-13,CORE,AC1853,64239,SGD
TX00853,2026-08-14,CARDS,AC1630,53592,SGD
TX00854,2026-08-15,CORE,AC1961,36766,SGD
TX00855,2026-08-16,CARDS,AC1033,90576,SGD
TX00856,2026-08-17,CORE,AC1379,28577,SGD
TX00857,2026-08-18,CARDS,AC1454,58387,SGD
TX00858,2026-08-19,CORE,AC1973,31047,SGD
TX00859,2026-08-20,CARDS,AC1875,47637,SGD
TX00860,2026-08-21,CORE,AC1101,89973,SGD
TX00861,2026-08-22,CARDS,AC1376,71464,SGD
TX00862,2026-08-23,CORE,AC1923,84618,SGD
TX00863,2026-08-24,CARDS,AC1367,8036,SGD
TX00864,2026-08-25,CORE,AC1407,36260,SGD
TX00865,2026-08-26,CARDS,AC1194,16111,SGD
TX00866,2026-08-27,CORE,AC1971,59700,SGD
TX00867,2026-08-28,CARDS,AC1093,86970,SGD
TX00868,2026-08-29,CORE,AC1217,84209,SGD
TX00869,2026-08-30,CARDS,AC1654,78369,SGD
TX00870,2026-08-01,CORE,AC1994,2899,SGD
TX00871,2026-08-02,CARDS,AC1051,43813,SGD
TX00872,2026-08-03,CORE,AC1249,16605,SGD
TX00873,2026-08-04,CARDS,AC1805,74100,SGD
TX00874,2026-08-05,CORE,AC1210,9092,SGD
TX00875,2026-08-06,CARDS,AC1849,72741,SGD
TX00876,2026-08-07,CORE,AC1212,76958,SGD
TX00877,2026-08-08,CARDS,AC1221,30639,SGD
TX00878,2026-08-09,CORE,AC1336,19440,SGD
TX00879,2026-08-10,CARDS,AC1807,78216,SGD
TX00880,2026-08-11,CORE,AC1002,36442,SGD
TX00881,2026-08-12,CARDS,AC1879,19064,SGD
TX00882,2026-08-13,CORE,AC1133,70907,SGD
TX00883,2026-08-14,CARDS,AC1256,22971,SGD
TX00884,2026-08-15,CORE,AC1112,86746,SGD
TX00885,2026-08-16,CARDS,AC1887,3479,SGD
TX00886,2026-08-17,CORE,AC1134,2047,SGD
TX00887,2026-08-18,CARDS,AC1366,31286,SGD
TX00888,2026-08-19,CORE,AC1602,42537,SGD
TX00889,2026-08-20,CARDS,AC1016,22938,SGD
TX00890,2026-08-21,CORE,AC1271,6968,SGD
TX00891,2026-08-22,CARDS,AC1129,97318,SGD
TX00892,2026-08-23,CORE,AC1431,69055,SGD
TX00893,2026-08-24,CARDS,AC1116,97835,SGD
TX00894,2026-08-25,CORE,AC1065,62522,SGD
TX00895,2026-08-26,CARDS,AC1459,47553,SGD
TX00896,2026-08-27,CORE,AC1525,77912,SGD
TX00897,2026-08-28,CARDS,AC1111,59345,SGD
TX00898,2026-08-29,CORE,AC1515,29138,SGD
TX00899,2026-08-30,CARDS,AC1968,80723,SGD
TX00900,2026-08-01,CORE,AC1044,95421,SGD
TX00901,2026-08-02,CARDS,AC1802,86463,SGD
TX00902,2026-08-03,CORE,AC1533,39635,SGD
TX00903,2026-08-04,CARDS,AC1469,84423,SGD
TX00904,2026-08-05,CORE,AC1987,4182,SGD
TX00905,2026-08-06,CARDS,AC1062,62881,SGD
TX00906,2026-08-07,CORE,AC1867,52740,SGD
TX00907,2026-08-08,CARDS,AC1436,90028,SGD
TX00908,2026-08-09,CORE,AC1110,64360,SGD
TX00909,2026-08-10,CARDS,AC1729,58238,SGD
TX00910,2026-08-11,CORE,AC1075,10689,SGD
TX00911,2026-08-12,CARDS,AC1329,79830,SGD
TX00912,2026-08-13,CORE,AC1151,8709,SGD
TX00913,2026-08-14,CARDS,AC1129,36146,SGD
TX00914,2026-08-15,CORE,AC1639,83078,SGD
TX00915,2026-08-16,CARDS,AC1599,71974,SGD
TX00916,2026-08-17,CORE,AC1729,42722,SGD
TX00917,2026-08-18,CARDS,AC1390,78401,SGD
TX00918,2026-08-19,CORE,AC1543,38752,SGD
TX00919,2026-08-20,CARDS,AC1464,66363,SGD
TX00920,2026-08-21,CORE,AC1619,56487,SGD
TX00921,2026-08-22,CARDS,AC1101,92083,SGD
TX00922,2026-08-23,CORE,AC1117,85914,SGD
TX00923,2026-08-24,CARDS,AC1666,72364,SGD
TX00924,2026-08-25,CORE,AC1738,28283,SGD
TX00925,2026-08-26,CARDS,AC1440,59286,SGD
TX00926,2026-08-27,CORE,AC1909,30049,SGD
TX00927,2026-08-28,CARDS,AC1423,44524,SGD
TX00928,2026-08-29,CORE,AC1847,59541,SGD
TX00929,2026-08-30,CARDS,AC1408,54624,SGD
TX00930,2026-08-01,CORE,AC1747,12563,SGD
TX00931,2026-08-02,CARDS,AC1320,56036,SGD
TX00932,2026-08-03,CORE,AC1320,87277,SGD
TX00933,2026-08-04,CARDS,AC1261,49160,SGD
TX00934,2026-08-05,CORE,AC1976,20106,SGD
TX00935,2026-08-06,CARDS,AC1703,62263,SGD
TX00936,2026-08-07,CORE,AC1068,12057,SGD
TX00937,2026-08-08,CARDS,AC1851,11288,SGD
TX00938,2026-08-09,CORE,AC1095,56706,SGD
TX00939,2026-08-10,CARDS,AC1098,97694,SGD
TX00940,2026-08-11,CORE,AC1756,48943,SGD
TX00941,2026-08-12,CARDS,AC1831,17154,SGD
TX00942,2026-08-13,CORE,AC1569,7961,SGD
TX00943,2026-08-14,CARDS,AC1600,73708,SGD
TX00944,2026-08-15,CORE,AC1575,43307,SGD
TX00945,2026-08-16,CARDS,AC1686,16121,SGD
TX00946,2026-08-17,CORE,AC1420,46446,SGD
TX00947,2026-08-18,CARDS,AC1894,87307,SGD
TX00948,2026-08-19,CORE,AC1963,98441,SGD
TX00949,2026-08-20,CARDS,AC1433,94610,SGD
TX00950,2026-08-21,CORE,AC1052,37800,SGD
TX00951,2026-08-22,CARDS,AC1614,41053,SGD
TX00952,2026-08-23,CORE,AC1360,13679,SGD
TX00953,2026-08-24,CARDS,AC1591,66607,SGD
TX00954,2026-08-25,CORE,AC1217,20380,SGD
TX00955,2026-08-26,CARDS,AC1672,63301,SGD
TX00956,2026-08-27,CORE,AC1229,14284,SGD
TX00957,2026-08-28,CARDS,AC1358,73010,SGD
TX00958,2026-08-29,CORE,AC1376,15158,SGD
TX00959,2026-08-30,CARDS,AC1780,36612,SGD
TX00960,2026-08-01,CORE,AC1587,29743,SGD
TX00961,2026-08-02,CARDS,AC1826,56344,SGD
TX00962,2026-08-03,CORE,AC1865,73626,SGD
TX00963,2026-08-04,CARDS,AC1997,81590,SGD
TX00964,2026-08-05,CORE,AC1628,88570,SGD
TX00965,2026-08-06,CARDS,AC1658,73072,SGD
TX00966,2026-08-07,CORE,AC1026,79922,SGD
TX00967,2026-08-08,CARDS,AC1951,86323,SGD
TX00968,2026-08-09,CORE,AC1849,90994,SGD
TX00969,2026-08-10,CARDS,AC1273,3894,SGD
TX00970,2026-08-11,CORE,AC1184,35918,SGD
TX00971,2026-08-12,CARDS,AC1719,40599,SGD
TX00972,2026-08-13,CORE,AC1943,44641,SGD
TX00973,2026-08-14,CARDS,AC1359,900,SGD
TX00974,2026-08-15,CORE,AC1185,18876,SGD
TX00975,2026-08-16,CARDS,AC1579,86259,SGD
TX00976,2026-08-17,CORE,AC1410,9220,SGD
TX00977,2026-08-18,CARDS,AC1145,97220,SGD
TX00978,2026-08-19,CORE,AC1648,4118,SGD
TX00979,2026-08-20,CARDS,AC1093,97894,SGD
TX00980,2026-08-21,CORE,AC1543,28297,SGD
TX00981,2026-08-22,CARDS,AC1385,55128,SGD
TX00982,2026-08-23,CORE,AC1464,44781,SGD
TX00983,2026-08-24,CARDS,AC1161,48603,SGD
TX00984,2026-08-25,CORE,AC1319,94681,SGD
TX00985,2026-08-26,CARDS,AC1332,74495,SGD
TX00986,2026-08-27,CORE,AC1610,11235,SGD
TX00987,2026-08-28,CARDS,AC1904,6995,SGD
TX00988,2026-08-29,CORE,AC1159,20732,SGD
TX00989,2026-08-30,CARDS,AC1772,81081,SGD
TX00990,2026-08-01,CORE,AC1050,88438,SGD
TX00991,2026-08-02,CARDS,AC1083,35765,SGD
TX00992,2026-08-03,CORE,AC1453,86861,SGD
TX00993,2026-08-04,CARDS,AC1434,63756,SGD
TX00994,2026-08-05,CORE,AC1621,58039,SGD
TX00995,2026-08-06,CARDS,AC1424,35904,SGD
TX00996,2026-08-07,CORE,AC1220,99051,SGD
TX00997,2026-08-08,CARDS,AC1524,15018,SGD
TX00998,2026-08-09,CORE,AC1353,56449,SGD
TX00999,2026-08-10,CARDS,AC1113,37225,SGD
TX01000,2026-08-11,CORE,AC1694,89030,SGD
TX00100,2026-08-11,CORE,AC1519,14047,SGD
TX00300,2026-08-01,CORE,AC1118,34337,SGD
