txn_id,date,feed,account,amount_cents,currency
T00001,2026-08-02,CARDS,A754,29284,SGD
T00002,2026-08-03,CORE,A125,72197,SGD
T00003,2026-08-04,CARDS,A350,58613,SGD
T00004,2026-08-05,CORE,A242,26968,SGD
T00005,2026-08-06,CARDS,A792,143064,SGD
T00006,2026-08-07,CORE,A189,110704,SGD
T00007,2026-08-08,CARDS,A132,7911,SGD
T00008,2026-08-09,CORE,A195,57414,SGD
T00009,2026-08-10,CARDS,A338,132575,SGD
T00010,2026-08-11,CORE,,7056,SGD
T00011,2026-08-12,CARDS,A674,52224,SGD
T00012,2026-08-13,CORE,A833,142953,SGD
T00013,2026-08-14,CARDS,A529,57887,SGD
T00014,2026-08-15,CORE,A559,73026,SGD
T00015,2026-08-16,CARDS,A106,41953,SGD
T00016,2026-08-17,CORE,A814,110885,SGD
T00017,2026-08-18,CARDS,A448,72942,SGD
T00018,2026-08-19,CORE,A259,56543,SGD
T00019,2026-08-20,CARDS,A881,88336,SGD
T00020,2026-08-21,CORE,A204,24412,SGD
T00021,2026-08-22,CARDS,A489,25453,SGD
T00022,2026-08-23,CORE,A467,90265,SGD
T00023,2026-08-24,CARDS,A718,69442,SGD
T00024,2026-08-25,CORE,A144,120535,SGD
T00025,2026-08-26,CARDS,A649,32822,SGD
T00026,2026-08-27,CORE,A487,20756,SGD
T00027,2026-08-28,CARDS,A665,76954,SGD
T00028,2026-08-29,CORE,A743,94900,SGD
T00029,2026-08-30,CARDS,A691,50507,SGD
T00030,2026-08-01,CORE,A821,18333,SGD
T00031,2026-08-02,CARDS,A146,59842,SGD
T00032,2026-08-03,CORE,A891,75961,SGD
T00033,2026-08-04,CARDS,A181,61124,SGD
T00034,2026-08-05,CORE,A203,99747,SGD
T00035,2026-08-06,CARDS,A384,118958,SGD
T00036,2026-08-07,CORE,A750,95738,SGD
T00037,2026-08-08,CARDS,A266,97140,SGD
T00038,2026-08-09,CORE,A463,55021,SGD
T00039,2026-08-10,CARDS,A786,70086,SGD
T00040,2026-08-11,CORE,A818,18817,XYZ
T00041,2026-08-12,CARDS,A723,44962,SGD
T00042,2026-08-13,CORE,A646,64275,SGD
T00043,2026-08-14,CARDS,A267,121278,SGD
T00044,2026-08-15,CORE,A488,70865,SGD
T00045,2026-08-16,CARDS,A755,146101,SGD
T00046,2026-08-17,CORE,A324,85108,SGD
T00047,2026-08-18,CARDS,A886,14763,SGD
T00048,2026-08-19,CORE,A334,8514,SGD
T00049,2026-08-20,CARDS,A423,105262,SGD
T00050,2026-08-21,CORE,A374,17450,SGD
T00051,2026-08-22,CARDS,A316,148782,SGD
T00052,2026-08-23,CORE,A835,82590,SGD
T00053,2026-08-24,CARDS,A317,130970,SGD
T00054,2026-08-25,CORE,A505,120385,SGD
T00055,2026-08-26,CARDS,A246,69536,SGD
T00056,2026-08-27,CORE,A242,64751,SGD
T00057,2026-08-28,CARDS,A862,147259,SGD
T00058,2026-08-29,CORE,A651,68976,SGD
T00059,2026-08-30,CARDS,A864,112411,SGD
T00060,2026-08-01,CORE,A697,104800,SGD
T00061,2026-08-02,CARDS,A470,57593,SGD
T00062,2026-08-03,CORE,A241,133669,SGD
T00063,2026-08-04,CARDS,A605,23931,SGD
T00064,2026-08-05,CORE,A873,12451,SGD
T00065,2026-08-06,CARDS,A212,40166,SGD
T00066,2026-08-07,CORE,A742,42038,SGD
T00067,2026-08-08,CARDS,A796,110766,SGD
T00068,2026-08-09,CORE,A710,16753,SGD
T00069,2026-08-10,CARDS,A494,100139,SGD
T00070,2026-08-11,CORE,A710,-100,SGD
T00071,2026-08-12,CARDS,A641,66006,SGD
T00072,2026-08-13,CORE,A666,3109,SGD
T00073,2026-08-14,CARDS,A796,30129,SGD
T00074,2026-08-15,CORE,A798,140863,SGD
T00075,2026-08-16,CARDS,A868,70046,SGD
T00076,2026-08-17,CORE,A887,89274,SGD
T00077,2026-08-18,CARDS,A214,77039,SGD
T00078,2026-08-19,CORE,A545,41560,SGD
T00079,2026-08-20,CARDS,A564,950,SGD
T00080,2026-08-21,CORE,A839,69145,SGD
T00081,2026-08-22,CARDS,A612,46932,SGD
T00082,2026-08-23,CORE,A619,27994,SGD
T00083,2026-08-24,CARDS,A740,78335,SGD
T00084,2026-08-25,CORE,A754,133180,SGD
T00085,2026-08-26,CARDS,A723,52243,SGD
T00086,2026-08-27,CORE,A256,98119,SGD
T00087,2026-08-28,CARDS,A880,42449,SGD
T00088,2026-08-29,CORE,A652,139129,SGD
T00089,2026-08-30,CARDS,A100,85075,SGD
T00090,2026-08-01,CORE,A600,5205,SGD
T00091,2026-08-02,CARDS,A214,95253,SGD
T00092,2026-08-03,CORE,A414,62870,SGD
T00093,2026-08-04,CARDS,A159,63243,SGD
T00094,2026-08-05,CORE,A680,20745,SGD
T00095,2026-08-06,CARDS,A187,127499,SGD
T00096,2026-08-07,CORE,A170,139745,SGD
T00097,2026-08-08,CARDS,A884,33067,SGD
T00098,2026-08-09,CORE,A231,124692,SGD
T00099,2026-08-10,CARDS,A662,43387,SGD
T00100,2026-08-11,CORE,A371,138426,SGD
T00101,2026-08-12,CARDS,A721,111023,SGD
T00102,2026-08-13,CORE,A316,141473,SGD
T00103,2026-08-14,CARDS,A873,52830,SGD
T00104,2026-08-15,CORE,A830,81814,SGD
T00105,2026-08-16,CARDS,A508,97989,SGD
T00106,2026-08-17,CORE,A548,135779,SGD
T00107,2026-08-18,CARDS,A562,31820,SGD
T00108,2026-08-19,CORE,A353,59003,SGD
T00109,2026-08-20,CARDS,A165,88727,SGD
T00110,2026-08-21,CORE,A121,145307,SGD
T00111,2026-08-22,CARDS,A335,57828,SGD
T00112,2026-08-23,CORE,A107,18710,SGD
T00113,2026-08-24,CARDS,A824,15533,SGD
T00114,2026-08-25,CORE,A334,17768,SGD
T00115,2026-08-26,CARDS,A132,86719,SGD
T00116,2026-08-27,CORE,A172,134882,SGD
T00117,2026-08-28,CARDS,A343,73101,SGD
T00118,2026-08-29,CORE,A785,127348,SGD
T00119,2026-08-30,CARDS,A319,141456,SGD
T00120,2026-08-01,CORE,A235,149795,SGD
T00121,2026-08-02,CARDS,A690,124007,SGD
T00122,2026-08-03,CORE,A348,124087,SGD
T00123,2026-08-04,CARDS,A516,50014,SGD
T00124,2026-08-05,CORE,A196,25509,SGD
T00125,2026-08-06,CARDS,A774,113097,SGD
T00126,2026-08-07,CORE,A462,111138,SGD
T00127,2026-08-08,CARDS,A520,122527,SGD
T00128,2026-08-09,CORE,A846,14300,SGD
T00129,2026-08-10,CARDS,A789,25899,SGD
T00130,2026-08-11,CORE,A162,105644,SGD
T00131,2026-08-12,CARDS,A845,89046,SGD
T00132,2026-08-13,CORE,A211,65283,SGD
T00133,2026-08-14,CARDS,A296,49962,SGD
T00134,2026-08-15,CORE,A649,117701,SGD
T00135,2026-08-16,CARDS,A243,110693,SGD
T00136,2026-08-17,CORE,A287,73118,SGD
T00137,2026-08-18,CARDS,A573,65585,SGD
T00138,2026-08-19,CORE,A177,116264,SGD
T00139,2026-08-20,CARDS,A663,25766,SGD
T00140,2026-08-21,CORE,A151,141811,SGD
T00141,2026-08-22,CARDS,A115,24548,SGD
T00142,2026-08-23,CORE,A871,62065,SGD
T00143,2026-08-24,CARDS,A270,106639,SGD
T00144,2026-08-25,CORE,A597,126285,SGD
T00145,2026-08-26,CARDS,A318,105230,SGD
T00146,2026-08-27,CORE,A160,43258,SGD
T00147,2026-08-28,CARDS,A488,665,SGD
T00148,2026-08-29,CORE,A499,69621,SGD
T00149,2026-08-30,CARDS,A565,74876,SGD
T00150,2026-08-01,CORE,A533,145791,SGD
T00151,2026-08-02,CARDS,A777,127677,SGD
T00152,2026-08-03,CORE,A258,49880,SGD
T00153,2026-08-04,CARDS,A403,57168,SGD
T00154,2026-08-05,CORE,A159,142233,SGD
T00155,2026-08-06,CARDS,A162,82309,SGD
T00156,2026-08-07,CORE,A158,13244,SGD
T00157,2026-08-08,CARDS,A698,125087,SGD
T00158,2026-08-09,CORE,A614,139331,SGD
T00159,2026-08-10,CARDS,A261,15010,SGD
T00160,2026-08-11,CORE,A620,21100,SGD
T00161,2026-08-12,CARDS,A290,18062,SGD
T00162,2026-08-13,CORE,A709,17915,SGD
T00163,2026-08-14,CARDS,A791,61757,SGD
T00164,2026-08-15,CORE,A513,31527,SGD
T00165,2026-08-16,CARDS,A683,64643,SGD
T00166,2026-08-17,CORE,A692,10518,SGD
T00167,2026-08-18,CARDS,A734,21591,SGD
T00168,2026-08-19,CORE,A529,148270,SGD
T00169,2026-08-20,CARDS,A635,83034,SGD
T00170,2026-08-21,CORE,A367,53645,SGD
T00171,2026-08-22,CARDS,A785,82461,SGD
T00172,2026-08-23,CORE,A344,69729,SGD
T00173,2026-08-24,CARDS,A505,34408,SGD
T00174,2026-08-25,CORE,A787,78742,SGD
T00175,2026-08-26,CARDS,A568,82983,SGD
T00176,2026-08-27,CORE,A869,19116,SGD
T00177,2026-08-28,CARDS,A109,120236,SGD
T00178,2026-08-29,CORE,A736,147685,SGD
T00179,2026-08-30,CARDS,A202,19304,SGD
T00180,2026-08-01,CORE,A650,55977,SGD
T00181,2026-08-02,CARDS,A618,69620,SGD
T00182,2026-08-03,CORE,A235,91590,SGD
T00183,2026-08-04,CARDS,A170,64137,SGD
T00184,2026-08-05,CORE,A478,74807,SGD
T00185,2026-08-06,CARDS,A261,114967,SGD
T00186,2026-08-07,CORE,A656,79403,SGD
T00187,2026-08-08,CARDS,A726,138758,SGD
T00188,2026-08-09,CORE,A108,145485,SGD
T00189,2026-08-10,CARDS,A406,27254,SGD
T00190,2026-08-11,CORE,A237,69428,SGD
T00191,2026-08-12,CARDS,A218,28158,SGD
T00192,2026-08-13,CORE,A860,145124,SGD
T00193,2026-08-14,CARDS,A259,71494,SGD
T00194,2026-08-15,CORE,A388,55315,SGD
T00195,2026-08-16,CARDS,A834,89984,SGD
T00196,2026-08-17,CORE,A308,69301,SGD
T00197,2026-08-18,CARDS,A617,128165,SGD
T00198,2026-08-19,CORE,A357,13416,SGD
T00199,2026-08-20,CARDS,A194,111137,SGD
T00200,2026-08-21,CORE,A383,11657,SGD
T00201,2026-08-22,CARDS,A103,87539,SGD
T00202,2026-08-23,CORE,A889,34393,SGD
T00203,2026-08-24,CARDS,A752,68770,SGD
T00204,2026-08-25,CORE,A265,115924,SGD
T00205,2026-08-26,CARDS,A664,112215,SGD
T00206,2026-08-27,CORE,A674,2634,SGD
T00207,2026-08-28,CARDS,A214,19824,SGD
T00208,2026-08-29,CORE,A807,39173,SGD
T00209,2026-08-30,CARDS,A658,9544,SGD
T00210,2026-08-01,CORE,A478,144941,SGD
T00211,2026-08-02,CARDS,A251,112766,SGD
T00212,2026-08-03,CORE,A230,11065,SGD
T00213,2026-08-04,CARDS,A415,95691,SGD
T00214,2026-08-05,CORE,A140,93897,SGD
T00215,2026-08-06,CARDS,A315,65512,SGD
T00216,2026-08-07,CORE,A782,27046,SGD
T00217,2026-08-08,CARDS,A462,146870,SGD
T00218,2026-08-09,CORE,A516,40615,SGD
T00219,2026-08-10,CARDS,A342,42698,SGD
T00220,2026-08-11,CORE,A281,108180,SGD
T00221,2026-08-12,CARDS,A125,47118,SGD
T00222,2026-08-13,CORE,A854,87180,SGD
T00223,2026-08-14,CARDS,A521,65155,SGD
T00224,2026-08-15,CORE,A373,41832,SGD
T00225,2026-08-16,CARDS,A818,28436,SGD
T00226,2026-08-17,CORE,A491,10251,SGD
T00227,2026-08-18,CARDS,A581,58409,SGD
T00228,2026-08-19,CORE,A304,120765,SGD
T00229,2026-08-20,CARDS,A458,80103,SGD
T00230,2026-08-21,CORE,A333,58538,SGD
T00231,2026-08-22,CARDS,A124,50727,SGD
T00232,2026-08-23,CORE,A508,86151,SGD
T00233,2026-08-24,CARDS,A385,18298,SGD
T00234,2026-08-25,CORE,A891,73270,SGD
T00235,2026-08-26,CARDS,A459,133637,SGD
T00236,2026-08-27,CORE,A509,140665,SGD
T00237,2026-08-28,CARDS,A439,7335,SGD
T00238,2026-08-29,CORE,A218,68575,SGD
T00239,2026-08-30,CARDS,A282,69690,SGD
T00240,2026-08-01,CORE,A139,28517,SGD
T00241,2026-08-02,CARDS,A710,114018,SGD
T00242,2026-08-03,CORE,A453,82328,SGD
T00243,2026-08-04,CARDS,A546,134166,SGD
T00244,2026-08-05,CORE,A218,101076,SGD
T00245,2026-08-06,CARDS,A690,49928,SGD
T00246,2026-08-07,CORE,A360,11735,SGD
T00247,2026-08-08,CARDS,A825,114409,SGD
T00248,2026-08-09,CORE,A101,136393,SGD
T00249,2026-08-10,CARDS,A651,51751,SGD
T00250,2026-08-11,CORE,A472,113162,SGD
T00251,2026-08-12,CARDS,A171,86659,SGD
T00252,2026-08-13,CORE,A738,82391,SGD
T00253,2026-08-14,CARDS,A779,32769,SGD
T00254,2026-08-15,CORE,A837,78827,SGD
T00255,2026-08-16,CARDS,A619,81177,SGD
T00256,2026-08-17,CORE,A782,107157,SGD
T00257,2026-08-18,CARDS,A434,105586,SGD
T00258,2026-08-19,CORE,A813,77604,SGD
T00259,2026-08-20,CARDS,A667,33467,SGD
T00260,2026-08-21,CORE,A296,110317,SGD
T00261,2026-08-22,CARDS,A780,99490,SGD
T00262,2026-08-23,CORE,A793,45720,SGD
T00263,2026-08-24,CARDS,A730,149287,SGD
T00264,2026-08-25,CORE,A408,106550,SGD
T00265,2026-08-26,CARDS,A661,206,SGD
T00266,2026-08-27,CORE,A411,75312,SGD
T00267,2026-08-28,CARDS,A315,112792,SGD
T00268,2026-08-29,CORE,A693,84575,SGD
T00269,2026-08-30,CARDS,A576,115911,SGD
T00270,2026-08-01,CORE,A552,56120,SGD
T00271,2026-08-02,CARDS,A623,124142,SGD
T00272,2026-08-03,CORE,A853,44583,SGD
T00273,2026-08-04,CARDS,A774,22328,SGD
T00274,2026-08-05,CORE,A390,135222,SGD
T00275,2026-08-06,CARDS,A779,87967,SGD
T00276,2026-08-07,CORE,A195,61669,SGD
T00277,2026-08-08,CARDS,A788,81474,SGD
T00278,2026-08-09,CORE,A330,52300,SGD
T00279,2026-08-10,CARDS,A250,6502,SGD
T00280,2026-08-11,CORE,A147,64284,SGD
T00281,2026-08-12,CARDS,A586,19191,SGD
T00282,2026-08-13,CORE,A566,108743,SGD
T00283,2026-08-14,CARDS,A744,51070,SGD
T00284,2026-08-15,CORE,A835,100757,SGD
T00285,2026-08-16,CARDS,A606,104866,SGD
T00286,2026-08-17,CORE,A349,38784,SGD
T00287,2026-08-18,CARDS,A771,1553,SGD
T00288,2026-08-19,CORE,A868,28041,SGD
T00289,2026-08-20,CARDS,A897,111549,SGD
T00290,2026-08-21,CORE,A324,46207,SGD
T00291,2026-08-22,CARDS,A812,135879,SGD
T00292,2026-08-23,CORE,A575,13264,SGD
T00293,2026-08-24,CARDS,A670,65425,SGD
T00294,2026-08-25,CORE,A224,119758,SGD
T00295,2026-08-26,CARDS,A236,121903,SGD
T00296,2026-08-27,CORE,A783,139333,SGD
T00297,2026-08-28,CARDS,A672,83277,SGD
T00298,2026-08-29,CORE,A873,116117,SGD
T00299,2026-08-30,CARDS,A727,132424,SGD
T00300,2026-08-01,CORE,A536,143721,SGD
T00301,2026-08-02,CARDS,A556,41822,SGD
T00302,2026-08-03,CORE,A861,124533,SGD
T00303,2026-08-04,CARDS,A560,68045,SGD
T00304,2026-08-05,CORE,A869,64912,SGD
T00305,2026-08-06,CARDS,A752,72795,SGD
T00306,2026-08-07,CORE,A884,136755,SGD
T00307,2026-08-08,CARDS,A596,62816,SGD
T00308,2026-08-09,CORE,A381,115409,SGD
T00309,2026-08-10,CARDS,A179,75001,SGD
T00310,2026-08-11,CORE,A340,71328,SGD
T00311,2026-08-12,CARDS,A443,83909,SGD
T00312,2026-08-13,CORE,A653,21222,SGD
T00313,2026-08-14,CARDS,A241,39639,SGD
T00314,2026-08-15,CORE,A336,100510,SGD
T00315,2026-08-16,CARDS,A810,40156,SGD
T00316,2026-08-17,CORE,A823,56186,SGD
T00317,2026-08-18,CARDS,A165,108855,SGD
T00318,2026-08-19,CORE,A517,86838,SGD
T00319,2026-08-20,CARDS,A655,122239,SGD
T00320,2026-08-21,CORE,A525,16422,SGD
T00321,2026-08-22,CARDS,A311,110238,SGD
T00322,2026-08-23,CORE,A498,5220,SGD
T00323,2026-08-24,CARDS,A883,99814,SGD
T00324,2026-08-25,CORE,A588,1645,SGD
T00325,2026-08-26,CARDS,A460,78379,SGD
T00326,2026-08-27,CORE,A871,102332,SGD
T00327,2026-08-28,CARDS,A529,141191,SGD
T00328,2026-08-29,CORE,A865,143265,SGD
T00329,2026-08-30,CARDS,A717,57912,SGD
T00330,2026-08-01,CORE,A599,57620,SGD
T00331,2026-08-02,CARDS,A379,114351,SGD
T00332,2026-08-03,CORE,A597,7708,SGD
T00333,2026-08-04,CARDS,A498,88214,SGD
T00334,2026-08-05,CORE,A784,106089,SGD
T00335,2026-08-06,CARDS,A841,43365,SGD
T00336,2026-08-07,CORE,A578,33556,SGD
T00337,2026-08-08,CARDS,A737,140117,SGD
T00338,2026-08-09,CORE,A127,103390,SGD
T00339,2026-08-10,CARDS,A706,148051,SGD
T00340,2026-08-11,CORE,A778,7204,SGD
T00341,2026-08-12,CARDS,A185,112458,SGD
T00342,2026-08-13,CORE,A238,121131,SGD
T00343,2026-08-14,CARDS,A286,13281,SGD
T00344,2026-08-15,CORE,A366,99479,SGD
T00345,2026-08-16,CARDS,A435,55585,SGD
T00346,2026-08-17,CORE,A565,85780,SGD
T00347,2026-08-18,CARDS,A445,99485,SGD
T00348,2026-08-19,CORE,A384,110610,SGD
T00349,2026-08-20,CARDS,A358,21571,SGD
T00350,2026-08-21,CORE,A581,5181,SGD
T00351,2026-08-22,CARDS,A867,141505,SGD
T00352,2026-08-23,CORE,A153,91840,SGD
T00353,2026-08-24,CARDS,A329,18087,SGD
T00354,2026-08-25,CORE,A899,10653,SGD
T00355,2026-08-26,CARDS,A872,8234,SGD
T00356,2026-08-27,CORE,A353,52361,SGD
T00357,2026-08-28,CARDS,A120,40046,SGD
T00358,2026-08-29,CORE,A344,33188,SGD
T00359,2026-08-30,CARDS,A584,30086,SGD
T00360,2026-08-01,CORE,A677,57238,SGD
T00361,2026-08-02,CARDS,A576,67272,SGD
T00362,2026-08-03,CORE,A885,96803,SGD
T00363,2026-08-04,CARDS,A271,30124,SGD
T00364,2026-08-05,CORE,A896,43030,SGD
T00365,2026-08-06,CARDS,A418,28437,SGD
T00366,2026-08-07,CORE,A692,6831,SGD
T00367,2026-08-08,CARDS,A419,98484,SGD
T00368,2026-08-09,CORE,A506,52090,SGD
T00369,2026-08-10,CARDS,A177,63761,SGD
T00370,2026-08-11,CORE,A204,79158,SGD
T00371,2026-08-12,CARDS,A800,31833,SGD
T00372,2026-08-13,CORE,A679,10866,SGD
T00373,2026-08-14,CARDS,A455,139755,SGD
T00374,2026-08-15,CORE,A538,97242,SGD
T00375,2026-08-16,CARDS,A170,132734,SGD
T00376,2026-08-17,CORE,A763,89551,SGD
T00377,2026-08-18,CARDS,A112,110215,SGD
T00378,2026-08-19,CORE,A601,27766,SGD
T00379,2026-08-20,CARDS,A543,95045,SGD
T00380,2026-08-21,CORE,A750,120617,SGD
T00381,2026-08-22,CARDS,A824,40205,SGD
T00382,2026-08-23,CORE,A545,46273,SGD
T00383,2026-08-24,CARDS,A851,136872,SGD
T00384,2026-08-25,CORE,A766,70900,SGD
T00385,2026-08-26,CARDS,A730,141178,SGD
T00386,2026-08-27,CORE,A893,126845,SGD
T00387,2026-08-28,CARDS,A576,114283,SGD
T00388,2026-08-29,CORE,A848,70458,SGD
T00389,2026-08-30,CARDS,A430,64455,SGD
T00390,2026-08-01,CORE,A188,73219,SGD
T00391,2026-08-02,CARDS,A561,64027,SGD
T00392,2026-08-03,CORE,A868,121920,SGD
T00393,2026-08-04,CARDS,A683,99449,SGD
T00394,2026-08-05,CORE,A444,7623,SGD
T00395,2026-08-06,CARDS,A606,85300,SGD
T00396,2026-08-07,CORE,A286,127908,SGD
T00397,2026-08-08,CARDS,A317,93115,SGD
T00398,2026-08-09,CORE,A364,89317,SGD
T00399,2026-08-10,CARDS,A386,72522,SGD
T00400,2026-08-11,CORE,A669,2761,SGD
T00401,2026-08-12,CARDS,A629,50184,SGD
T00402,2026-08-13,CORE,A187,63370,SGD
T00403,2026-08-14,CARDS,A837,106642,SGD
T00404,2026-08-15,CORE,A600,145636,SGD
T00405,2026-08-16,CARDS,A876,63099,SGD
T00406,2026-08-17,CORE,A807,124904,SGD
T00407,2026-08-18,CARDS,A761,128765,SGD
T00408,2026-08-19,CORE,A558,4620,SGD
T00409,2026-08-20,CARDS,A195,77232,SGD
T00410,2026-08-21,CORE,A326,106111,SGD
T00411,2026-08-22,CARDS,A808,63880,SGD
T00412,2026-08-23,CORE,A413,96836,SGD
T00413,2026-08-24,CARDS,A584,145189,SGD
T00414,2026-08-25,CORE,A643,90213,SGD
T00415,2026-08-26,CARDS,A535,144381,SGD
T00416,2026-08-27,CORE,A438,92325,SGD
T00417,2026-08-28,CARDS,A819,119046,SGD
T00418,2026-08-29,CORE,A377,80479,SGD
T00419,2026-08-30,CARDS,A357,60534,SGD
T00420,2026-08-01,CORE,A223,50584,SGD
T00421,2026-08-02,CARDS,A423,31440,SGD
T00422,2026-08-03,CORE,A860,140573,SGD
T00423,2026-08-04,CARDS,A880,48635,SGD
T00424,2026-08-05,CORE,A296,56823,SGD
T00425,2026-08-06,CARDS,A856,127029,SGD
T00426,2026-08-07,CORE,A383,137630,SGD
T00427,2026-08-08,CARDS,A711,74286,SGD
T00428,2026-08-09,CORE,A202,50986,SGD
T00429,2026-08-10,CARDS,A403,59733,SGD
T00430,2026-08-11,CORE,A469,47139,SGD
T00431,2026-08-12,CARDS,A409,3808,SGD
T00432,2026-08-13,CORE,A825,140120,SGD
T00433,2026-08-14,CARDS,A229,72009,SGD
T00434,2026-08-15,CORE,A146,14393,SGD
T00435,2026-08-16,CARDS,A666,76681,SGD
T00436,2026-08-17,CORE,A814,33203,SGD
T00437,2026-08-18,CARDS,A753,128780,SGD
T00438,2026-08-19,CORE,A205,3315,SGD
T00439,2026-08-20,CARDS,A687,74637,SGD
T00440,2026-08-21,CORE,A580,125592,SGD
T00441,2026-08-22,CARDS,A551,89414,SGD
T00442,2026-08-23,CORE,A288,13568,SGD
T00443,2026-08-24,CARDS,A358,125333,SGD
T00444,2026-08-25,CORE,A216,17229,SGD
T00445,2026-08-26,CARDS,A510,129008,SGD
T00446,2026-08-27,CORE,A175,14153,SGD
T00447,2026-08-28,CARDS,A255,39211,SGD
T00448,2026-08-29,CORE,A676,79748,SGD
T00449,2026-08-30,CARDS,A187,65161,SGD
T00450,2026-08-01,CORE,A221,146395,SGD
T00451,2026-08-02,CARDS,A882,109197,SGD
T00452,2026-08-03,CORE,A720,59262,SGD
T00453,2026-08-04,CARDS,A894,137089,SGD
T00454,2026-08-05,CORE,A489,118199,SGD
T00455,2026-08-06,CARDS,A553,78049,SGD
T00456,2026-08-07,CORE,A702,112515,SGD
T00457,2026-08-08,CARDS,A412,149162,SGD
T00458,2026-08-09,CORE,A735,15889,SGD
T00459,2026-08-10,CARDS,A724,26113,SGD
T00460,2026-08-11,CORE,A881,54570,SGD
T00461,2026-08-12,CARDS,A740,55418,SGD
T00462,2026-08-13,CORE,A370,21382,SGD
T00463,2026-08-14,CARDS,A260,62979,SGD
T00464,2026-08-15,CORE,A277,144801,SGD
T00465,2026-08-16,CARDS,A176,41134,SGD
T00466,2026-08-17,CORE,A102,107190,SGD
T00467,2026-08-18,CARDS,A561,123284,SGD
T00468,2026-08-19,CORE,A398,8656,SGD
T00469,2026-08-20,CARDS,A337,75624,SGD
T00470,2026-08-21,CORE,A823,74212,SGD
T00471,2026-08-22,CARDS,A819,119121,SGD
T00472,2026-08-23,CORE,A172,61290,SGD
T00473,2026-08-24,CARDS,A370,51957,SGD
T00474,2026-08-25,CORE,A535,30187,SGD
T00475,2026-08-26,CARDS,A657,59032,SGD
T00476,2026-08-27,CORE,A763,39156,SGD
T00477,2026-08-28,CARDS,A372,37386,SGD
T00478,2026-08-29,CORE,A173,15733,SGD
T00479,2026-08-30,CARDS,A269,80738,SGD
T00480,2026-08-01,CORE,A709,149314,SGD
T00481,2026-08-02,CARDS,A395,115221,SGD
T00482,2026-08-03,CORE,A227,122966,SGD
T00483,2026-08-04,CARDS,A805,79815,SGD
T00484,2026-08-05,CORE,A816,105615,SGD
T00485,2026-08-06,CARDS,A378,131295,SGD
T00486,2026-08-07,CORE,A652,129545,SGD
T00487,2026-08-08,CARDS,A548,21187,SGD
T00488,2026-08-09,CORE,A712,10549,SGD
T00489,2026-08-10,CARDS,A542,84594,SGD
T00490,2026-08-11,CORE,A718,65732,SGD
T00491,2026-08-12,CARDS,A126,24040,SGD
T00492,2026-08-13,CORE,A334,5538,SGD
T00493,2026-08-14,CARDS,A883,70750,SGD
T00494,2026-08-15,CORE,A690,10646,SGD
T00495,2026-08-16,CARDS,A881,46025,SGD
T00496,2026-08-17,CORE,A581,136143,SGD
T00497,2026-08-18,CARDS,A767,116027,SGD
T00498,2026-08-19,CORE,A384,47676,SGD
T00499,2026-08-20,CARDS,A699,114364,SGD
T00500,2026-08-21,CORE,A750,129002,SGD
T00501,2026-08-22,CARDS,A193,123310,SGD
T00502,2026-08-23,CORE,A456,107146,SGD
T00503,2026-08-24,CARDS,A441,84263,SGD
T00504,2026-08-25,CORE,A786,27520,SGD
T00505,2026-08-26,CARDS,A264,86556,SGD
T00506,2026-08-27,CORE,A521,129984,SGD
T00507,2026-08-28,CARDS,A395,105076,SGD
T00508,2026-08-29,CORE,A878,144304,SGD
T00509,2026-08-30,CARDS,A137,119329,SGD
T00510,2026-08-01,CORE,A190,82548,SGD
T00511,2026-08-02,CARDS,A358,84844,SGD
T00512,2026-08-03,CORE,A218,106052,SGD
T00513,2026-08-04,CARDS,A626,401,SGD
T00514,2026-08-05,CORE,A773,142337,SGD
T00515,2026-08-06,CARDS,A573,108430,SGD
T00516,2026-08-07,CORE,A155,49273,SGD
T00517,2026-08-08,CARDS,A630,94938,SGD
T00518,2026-08-09,CORE,A737,130776,SGD
T00519,2026-08-10,CARDS,A740,115978,SGD
T00520,2026-08-11,CORE,A878,13629,SGD
T00521,2026-08-12,CARDS,A308,70107,SGD
T00522,2026-08-13,CORE,A662,34444,SGD
T00523,2026-08-14,CARDS,A394,114949,SGD
T00524,2026-08-15,CORE,A815,127164,SGD
T00525,2026-08-16,CARDS,A224,7667,SGD
T00526,2026-08-17,CORE,A745,62830,SGD
T00527,2026-08-18,CARDS,A826,41617,SGD
T00528,2026-08-19,CORE,A418,144499,SGD
T00529,2026-08-20,CARDS,A114,144869,SGD
T00530,2026-08-21,CORE,A517,24534,SGD
T00531,2026-08-22,CARDS,A330,29843,SGD
T00532,2026-08-23,CORE,A572,30893,SGD
T00533,2026-08-24,CARDS,A763,40462,SGD
T00534,2026-08-25,CORE,A610,76609,SGD
T00535,2026-08-26,CARDS,A621,71776,SGD
T00536,2026-08-27,CORE,A525,126584,SGD
T00537,2026-08-28,CARDS,A583,63992,SGD
T00538,2026-08-29,CORE,A567,144610,SGD
T00539,2026-08-30,CARDS,A248,100654,SGD
T00540,2026-08-01,CORE,A295,133332,SGD
T00541,2026-08-02,CARDS,A864,35884,SGD
T00542,2026-08-03,CORE,A171,72516,SGD
T00543,2026-08-04,CARDS,A891,108874,SGD
T00544,2026-08-05,CORE,A448,133200,SGD
T00545,2026-08-06,CARDS,A373,772,SGD
T00546,2026-08-07,CORE,A389,78364,SGD
T00547,2026-08-08,CARDS,A701,128456,SGD
T00548,2026-08-09,CORE,A252,117159,SGD
T00549,2026-08-10,CARDS,A651,127067,SGD
T00550,2026-08-11,CORE,A453,87247,SGD
T00551,2026-08-12,CARDS,A665,142556,SGD
T00552,2026-08-13,CORE,A486,119465,SGD
T00553,2026-08-14,CARDS,A429,49554,SGD
T00554,2026-08-15,CORE,A814,62701,SGD
T00555,2026-08-16,CARDS,A685,100493,SGD
T00556,2026-08-17,CORE,A339,107782,SGD
T00557,2026-08-18,CARDS,A144,83508,SGD
T00558,2026-08-19,CORE,A862,124087,SGD
T00559,2026-08-20,CARDS,A822,100037,SGD
T00560,2026-08-21,CORE,A495,39973,SGD
T00561,2026-08-22,CARDS,A607,9804,SGD
T00562,2026-08-23,CORE,A229,131772,SGD
T00563,2026-08-24,CARDS,A704,87130,SGD
T00564,2026-08-25,CORE,A202,115523,SGD
T00565,2026-08-26,CARDS,A202,137974,SGD
T00566,2026-08-27,CORE,A567,4123,SGD
T00567,2026-08-28,CARDS,A839,37889,SGD
T00568,2026-08-29,CORE,A519,40564,SGD
T00569,2026-08-30,CARDS,A176,123174,SGD
T00570,2026-08-01,CORE,A371,88851,SGD
T00571,2026-08-02,CARDS,A738,104297,SGD
T00572,2026-08-03,CORE,A765,21154,SGD
T00573,2026-08-04,CARDS,A436,139985,SGD
T00574,2026-08-05,CORE,A489,83110,SGD
T00575,2026-08-06,CARDS,A741,128012,SGD
T00576,2026-08-07,CORE,A654,9510,SGD
T00577,2026-08-08,CARDS,A732,18036,SGD
T00578,2026-08-09,CORE,A340,75434,SGD
T00579,2026-08-10,CARDS,A332,23792,SGD
T00580,2026-08-11,CORE,A544,25906,SGD
T00581,2026-08-12,CARDS,A878,26447,SGD
T00582,2026-08-13,CORE,A554,43711,SGD
T00583,2026-08-14,CARDS,A810,78603,SGD
T00584,2026-08-15,CORE,A129,12156,SGD
T00585,2026-08-16,CARDS,A432,14811,SGD
T00586,2026-08-17,CORE,A400,94069,SGD
T00587,2026-08-18,CARDS,A483,113001,SGD
T00588,2026-08-19,CORE,A249,64114,SGD
T00589,2026-08-20,CARDS,A643,108116,SGD
T00590,2026-08-21,CORE,A679,47300,SGD
T00591,2026-08-22,CARDS,A274,45993,SGD
T00592,2026-08-23,CORE,A180,100381,SGD
T00593,2026-08-24,CARDS,A734,63232,SGD
T00594,2026-08-25,CORE,A609,37617,SGD
T00595,2026-08-26,CARDS,A337,120987,SGD
T00596,2026-08-27,CORE,A753,66678,SGD
T00597,2026-08-28,CARDS,A570,67032,SGD
T00598,2026-08-29,CORE,A782,2563,SGD
T00599,2026-08-30,CARDS,A576,75500,SGD
T00600,2026-08-01,CORE,A793,143387,SGD
T00601,2026-08-02,CARDS,A261,19462,SGD
T00602,2026-08-03,CORE,A552,90687,SGD
T00603,2026-08-04,CARDS,A701,78521,SGD
T00604,2026-08-05,CORE,A754,111330,SGD
T00605,2026-08-06,CARDS,A806,65661,SGD
T00606,2026-08-07,CORE,A567,79299,SGD
T00607,2026-08-08,CARDS,A303,100945,SGD
T00608,2026-08-09,CORE,A594,28058,SGD
T00609,2026-08-10,CARDS,A342,100072,SGD
T00610,2026-08-11,CORE,A685,94198,SGD
T00611,2026-08-12,CARDS,A688,77661,SGD
T00612,2026-08-13,CORE,A816,77492,SGD
T00613,2026-08-14,CARDS,A122,103858,SGD
T00614,2026-08-15,CORE,A381,2222,SGD
T00615,2026-08-16,CARDS,A679,12956,SGD
T00616,2026-08-17,CORE,A720,130314,SGD
T00617,2026-08-18,CARDS,A393,60424,SGD
T00618,2026-08-19,CORE,A721,92458,SGD
T00619,2026-08-20,CARDS,A324,49941,SGD
T00620,2026-08-21,CORE,A735,65800,SGD
T00621,2026-08-22,CARDS,A794,35955,SGD
T00622,2026-08-23,CORE,A743,25570,SGD
T00623,2026-08-24,CARDS,A742,10434,SGD
T00624,2026-08-25,CORE,A416,115659,SGD
T00625,2026-08-26,CARDS,A134,95746,SGD
T00626,2026-08-27,CORE,A849,34548,SGD
T00627,2026-08-28,CARDS,A192,77461,SGD
T00628,2026-08-29,CORE,A434,109021,SGD
T00629,2026-08-30,CARDS,A279,52737,SGD
T00630,2026-08-01,CORE,A235,141502,SGD
T00631,2026-08-02,CARDS,A474,139259,SGD
T00632,2026-08-03,CORE,A613,71541,SGD
T00633,2026-08-04,CARDS,A268,67463,SGD
T00634,2026-08-05,CORE,A593,77469,SGD
T00635,2026-08-06,CARDS,A864,88892,SGD
T00636,2026-08-07,CORE,A217,122870,SGD
T00637,2026-08-08,CARDS,A177,36998,SGD
T00638,2026-08-09,CORE,A872,59243,SGD
T00639,2026-08-10,CARDS,A792,104279,SGD
T00640,2026-08-11,CORE,A670,95985,SGD
T00641,2026-08-12,CARDS,A192,103535,SGD
T00642,2026-08-13,CORE,A114,69426,SGD
T00643,2026-08-14,CARDS,A649,32498,SGD
T00644,2026-08-15,CORE,A565,96722,SGD
T00645,2026-08-16,CARDS,A788,68824,SGD
T00646,2026-08-17,CORE,A698,99983,SGD
T00647,2026-08-18,CARDS,A753,97479,SGD
T00648,2026-08-19,CORE,A210,61395,SGD
T00649,2026-08-20,CARDS,A582,6660,SGD
T00650,2026-08-21,CORE,A734,147269,SGD
T00651,2026-08-22,CARDS,A435,58130,SGD
T00652,2026-08-23,CORE,A763,16671,SGD
T00653,2026-08-24,CARDS,A750,121804,SGD
T00654,2026-08-25,CORE,A817,79317,SGD
T00655,2026-08-26,CARDS,A764,107132,SGD
T00656,2026-08-27,CORE,A219,36741,SGD
T00657,2026-08-28,CARDS,A146,9854,SGD
T00658,2026-08-29,CORE,A411,129238,SGD
T00659,2026-08-30,CARDS,A218,25578,SGD
T00660,2026-08-01,CORE,A340,141014,SGD
T00661,2026-08-02,CARDS,A238,101981,SGD
T00662,2026-08-03,CORE,A564,97358,SGD
T00663,2026-08-04,CARDS,A786,141708,SGD
T00664,2026-08-05,CORE,A529,40607,SGD
T00665,2026-08-06,CARDS,A524,26057,SGD
T00666,2026-08-07,CORE,A601,107085,SGD
T00667,2026-08-08,CARDS,A386,8676,SGD
T00668,2026-08-09,CORE,A806,97232,SGD
T00669,2026-08-10,CARDS,A322,116330,SGD
T00670,2026-08-11,CORE,A555,61995,SGD
T00671,2026-08-12,CARDS,A471,26145,SGD
T00672,2026-08-13,CORE,A802,96394,SGD
T00673,2026-08-14,CARDS,A657,94124,SGD
T00674,2026-08-15,CORE,A162,104469,SGD
T00675,2026-08-16,CARDS,A382,49857,SGD
T00676,2026-08-17,CORE,A225,119301,SGD
T00677,2026-08-18,CARDS,A193,55702,SGD
T00678,2026-08-19,CORE,A757,5698,SGD
T00679,2026-08-20,CARDS,A151,87527,SGD
T00680,2026-08-21,CORE,A349,33110,SGD
T00681,2026-08-22,CARDS,A678,53893,SGD
T00682,2026-08-23,CORE,A170,145382,SGD
T00683,2026-08-24,CARDS,A312,56710,SGD
T00684,2026-08-25,CORE,A338,86229,SGD
T00685,2026-08-26,CARDS,A892,38780,SGD
T00686,2026-08-27,CORE,A710,843,SGD
T00687,2026-08-28,CARDS,A383,38029,SGD
T00688,2026-08-29,CORE,A233,141714,SGD
T00689,2026-08-30,CARDS,A356,45843,SGD
T00690,2026-08-01,CORE,A212,6858,SGD
T00691,2026-08-02,CARDS,A234,3995,SGD
T00692,2026-08-03,CORE,A466,62472,SGD
T00693,2026-08-04,CARDS,A702,84974,SGD
T00694,2026-08-05,CORE,A116,45777,SGD
T00695,2026-08-06,CARDS,A371,13836,SGD
T00696,2026-08-07,CORE,A229,110452,SGD
T00697,2026-08-08,CARDS,A638,29892,SGD
T00698,2026-08-09,CORE,A863,16761,SGD
T00699,2026-08-10,CARDS,A587,117612,SGD
T00700,2026-08-11,CORE,A896,95006,SGD
T00701,2026-08-12,CARDS,A625,28687,SGD
T00702,2026-08-13,CORE,A562,132178,SGD
T00703,2026-08-14,CARDS,A326,11467,SGD
T00704,2026-08-15,CORE,A844,136795,SGD
T00705,2026-08-16,CARDS,A408,120173,SGD
T00706,2026-08-17,CORE,A758,8265,SGD
T00707,2026-08-18,CARDS,A162,125662,SGD
T00708,2026-08-19,CORE,A511,111845,SGD
T00709,2026-08-20,CARDS,A802,28401,SGD
T00710,2026-08-21,CORE,A602,116377,SGD
T00711,2026-08-22,CARDS,A175,21278,SGD
T00712,2026-08-23,CORE,A429,38984,SGD
T00713,2026-08-24,CARDS,A167,33180,SGD
T00714,2026-08-25,CORE,A381,143848,SGD
T00715,2026-08-26,CARDS,A829,85345,SGD
T00716,2026-08-27,CORE,A490,139182,SGD
T00717,2026-08-28,CARDS,A401,119038,SGD
T00718,2026-08-29,CORE,A617,112874,SGD
T00719,2026-08-30,CARDS,A201,30092,SGD
T00720,2026-08-01,CORE,A770,144629,SGD
T00721,2026-08-02,CARDS,A838,56467,SGD
T00722,2026-08-03,CORE,A540,118472,SGD
T00723,2026-08-04,CARDS,A333,108578,SGD
T00724,2026-08-05,CORE,A447,118982,SGD
T00725,2026-08-06,CARDS,A508,109149,SGD
T00726,2026-08-07,CORE,A847,25026,SGD
T00727,2026-08-08,CARDS,A420,111973,SGD
T00728,2026-08-09,CORE,A420,66917,SGD
T00729,2026-08-10,CARDS,A483,40113,SGD
T00730,2026-08-11,CORE,A803,124426,SGD
T00731,2026-08-12,CARDS,A168,24014,SGD
T00732,2026-08-13,CORE,A187,24539,SGD
T00733,2026-08-14,CARDS,A542,25413,SGD
T00734,2026-08-15,CORE,A862,97787,SGD
T00735,2026-08-16,CARDS,A233,145949,SGD
T00736,2026-08-17,CORE,A161,147316,SGD
T00737,2026-08-18,CARDS,A675,86514,SGD
T00738,2026-08-19,CORE,A786,32142,SGD
T00739,2026-08-20,CARDS,A520,92793,SGD
T00740,2026-08-21,CORE,A781,110970,SGD
T00741,2026-08-22,CARDS,A838,13586,SGD
T00742,2026-08-23,CORE,A394,82006,SGD
T00743,2026-08-24,CARDS,A460,27258,SGD
T00744,2026-08-25,CORE,A691,133115,SGD
T00745,2026-08-26,CARDS,A317,40661,SGD
T00746,2026-08-27,CORE,A772,126503,SGD
T00747,2026-08-28,CARDS,A329,28468,SGD
T00748,2026-08-29,CORE,A458,145921,SGD
T00749,2026-08-30,CARDS,A476,30216,SGD
T00750,2026-08-01,CORE,A880,73124,SGD
T00751,2026-08-02,CARDS,A687,59386,SGD
T00752,2026-08-03,CORE,A539,147153,SGD
T00753,2026-08-04,CARDS,A885,146045,SGD
T00754,2026-08-05,CORE,A126,70209,SGD
T00755,2026-08-06,CARDS,A129,47394,SGD
T00756,2026-08-07,CORE,A379,81098,SGD
T00757,2026-08-08,CARDS,A447,92118,SGD
T00758,2026-08-09,CORE,A106,47654,SGD
T00759,2026-08-10,CARDS,A246,148557,SGD
T00760,2026-08-11,CORE,A773,105163,SGD
T00761,2026-08-12,CARDS,A171,37291,SGD
T00762,2026-08-13,CORE,A858,8136,SGD
T00763,2026-08-14,CARDS,A193,139162,SGD
T00764,2026-08-15,CORE,A320,98717,SGD
T00765,2026-08-16,CARDS,A529,119020,SGD
T00766,2026-08-17,CORE,A449,41363,SGD
T00767,2026-08-18,CARDS,A478,81793,SGD
T00768,2026-08-19,CORE,A838,85135,SGD
T00769,2026-08-20,CARDS,A895,148891,SGD
T00770,2026-08-21,CORE,A710,22370,SGD
T00771,2026-08-22,CARDS,A153,40884,SGD
T00772,2026-08-23,CORE,A261,13144,SGD
T00773,2026-08-24,CARDS,A790,21486,SGD
T00774,2026-08-25,CORE,A378,116259,SGD
T00775,2026-08-26,CARDS,A777,111252,SGD
T00776,2026-08-27,CORE,A597,115979,SGD
T00777,2026-08-28,CARDS,A524,71709,SGD
T00778,2026-08-29,CORE,A320,134408,SGD
T00779,2026-08-30,CARDS,A216,90584,SGD
T00780,2026-08-01,CORE,A540,29169,SGD
T00781,2026-08-02,CARDS,A390,127667,SGD
T00782,2026-08-03,CORE,A639,80950,SGD
T00783,2026-08-04,CARDS,A146,57907,SGD
T00784,2026-08-05,CORE,A504,14460,SGD
T00785,2026-08-06,CARDS,A107,53688,SGD
T00786,2026-08-07,CORE,A408,55473,SGD
T00787,2026-08-08,CARDS,A885,36075,SGD
T00788,2026-08-09,CORE,A882,67082,SGD
T00789,2026-08-10,CARDS,A396,86115,SGD
T00790,2026-08-11,CORE,A222,2126,SGD
T00791,2026-08-12,CARDS,A609,112993,SGD
T00792,2026-08-13,CORE,A279,33965,SGD
T00793,2026-08-14,CARDS,A489,139713,SGD
T00794,2026-08-15,CORE,A820,60422,SGD
T00795,2026-08-16,CARDS,A612,146566,SGD
T00796,2026-08-17,CORE,A784,92942,SGD
T00797,2026-08-18,CARDS,A173,104189,SGD
T00798,2026-08-19,CORE,A859,11189,SGD
T00799,2026-08-20,CARDS,A546,5012,SGD
T00800,2026-08-21,CORE,A570,20511,SGD
T00801,2026-08-22,CARDS,A420,112634,SGD
T00802,2026-08-23,CORE,A687,106117,SGD
T00803,2026-08-24,CARDS,A826,109595,SGD
T00804,2026-08-25,CORE,A396,30292,SGD
T00805,2026-08-26,CARDS,A514,5567,SGD
T00806,2026-08-27,CORE,A432,45155,SGD
T00807,2026-08-28,CARDS,A732,120711,SGD
T00808,2026-08-29,CORE,A806,94957,SGD
T00809,2026-08-30,CARDS,A190,114581,SGD
T00810,2026-08-01,CORE,A208,63883,SGD
T00811,2026-08-02,CARDS,A546,105075,SGD
T00812,2026-08-03,CORE,A636,20716,SGD
T00813,2026-08-04,CARDS,A505,81436,SGD
T00814,2026-08-05,CORE,A863,89101,SGD
T00815,2026-08-06,CARDS,A326,87411,SGD
T00816,2026-08-07,CORE,A897,44174,SGD
T00817,2026-08-08,CARDS,A178,133920,SGD
T00818,2026-08-09,CORE,A748,29991,SGD
T00819,2026-08-10,CARDS,A643,133780,SGD
T00820,2026-08-11,CORE,A298,91686,SGD
T00821,2026-08-12,CARDS,A459,38816,SGD
T00822,2026-08-13,CORE,A341,27049,SGD
T00823,2026-08-14,CARDS,A249,67200,SGD
T00824,2026-08-15,CORE,A302,45581,SGD
T00825,2026-08-16,CARDS,A716,40173,SGD
T00826,2026-08-17,CORE,A878,19853,SGD
T00827,2026-08-18,CARDS,A281,129629,SGD
T00828,2026-08-19,CORE,A575,147879,SGD
T00829,2026-08-20,CARDS,A878,117777,SGD
T00830,2026-08-21,CORE,A797,148078,SGD
T00831,2026-08-22,CARDS,A758,84827,SGD
T00832,2026-08-23,CORE,A742,82973,SGD
T00833,2026-08-24,CARDS,A254,115381,SGD
T00834,2026-08-25,CORE,A169,123024,SGD
T00835,2026-08-26,CARDS,A552,79482,SGD
T00836,2026-08-27,CORE,A381,14825,SGD
T00837,2026-08-28,CARDS,A460,133095,SGD
T00838,2026-08-29,CORE,A175,81471,SGD
T00839,2026-08-30,CARDS,A572,118566,SGD
T00840,2026-08-01,CORE,A138,15013,SGD
T00841,2026-08-02,CARDS,A477,75355,SGD
T00842,2026-08-03,CORE,A178,23770,SGD
T00843,2026-08-04,CARDS,A729,133024,SGD
T00844,2026-08-05,CORE,A493,121397,SGD
T00845,2026-08-06,CARDS,A694,145410,SGD
T00846,2026-08-07,CORE,A856,10853,SGD
T00847,2026-08-08,CARDS,A560,149956,SGD
T00848,2026-08-09,CORE,A767,49445,SGD
T00849,2026-08-10,CARDS,A429,124783,SGD
T00850,2026-08-11,CORE,A613,39647,SGD
T00851,2026-08-12,CARDS,A163,118201,SGD
T00852,2026-08-13,CORE,A205,90130,SGD
T00853,2026-08-14,CARDS,A831,22206,SGD
T00854,2026-08-15,CORE,A616,45335,SGD
T00855,2026-08-16,CARDS,A140,65044,SGD
T00856,2026-08-17,CORE,A824,114855,SGD
T00857,2026-08-18,CARDS,A549,137481,SGD
T00858,2026-08-19,CORE,A635,41714,SGD
T00859,2026-08-20,CARDS,A472,97840,SGD
T00860,2026-08-21,CORE,A389,101658,SGD
T00861,2026-08-22,CARDS,A518,88800,SGD
T00862,2026-08-23,CORE,A795,13827,SGD
T00863,2026-08-24,CARDS,A746,87826,SGD
T00864,2026-08-25,CORE,A167,86526,SGD
T00865,2026-08-26,CARDS,A196,146366,SGD
T00866,2026-08-27,CORE,A794,101435,SGD
T00867,2026-08-28,CARDS,A390,66159,SGD
T00868,2026-08-29,CORE,A841,39519,SGD
T00869,2026-08-30,CARDS,A441,21465,SGD
T00870,2026-08-01,CORE,A696,37174,SGD
T00871,2026-08-02,CARDS,A458,81425,SGD
T00872,2026-08-03,CORE,A771,102849,SGD
T00873,2026-08-04,CARDS,A232,22308,SGD
T00874,2026-08-05,CORE,A417,146618,SGD
T00875,2026-08-06,CARDS,A485,86208,SGD
T00876,2026-08-07,CORE,A230,138090,SGD
T00877,2026-08-08,CARDS,A195,111093,SGD
T00878,2026-08-09,CORE,A620,94951,SGD
T00879,2026-08-10,CARDS,A118,95152,SGD
T00880,2026-08-11,CORE,A416,47354,SGD
T00881,2026-08-12,CARDS,A319,89683,SGD
T00882,2026-08-13,CORE,A884,127573,SGD
T00883,2026-08-14,CARDS,A296,59486,SGD
T00884,2026-08-15,CORE,A240,40717,SGD
T00885,2026-08-16,CARDS,A179,77640,SGD
T00886,2026-08-17,CORE,A203,133187,SGD
T00887,2026-08-18,CARDS,A889,141597,SGD
T00888,2026-08-19,CORE,A856,138127,SGD
T00889,2026-08-20,CARDS,A138,88380,SGD
T00890,2026-08-21,CORE,A884,34453,SGD
T00891,2026-08-22,CARDS,A711,98854,SGD
T00892,2026-08-23,CORE,A257,42632,SGD
T00893,2026-08-24,CARDS,A285,43495,SGD
T00894,2026-08-25,CORE,A838,114833,SGD
T00895,2026-08-26,CARDS,A144,107804,SGD
T00896,2026-08-27,CORE,A473,62367,SGD
T00897,2026-08-28,CARDS,A554,74792,SGD
T00898,2026-08-29,CORE,A870,117783,SGD
T00899,2026-08-30,CARDS,A339,140087,SGD
T00900,2026-08-01,CORE,A344,81225,SGD
T00901,2026-08-02,CARDS,A580,50960,SGD
T00902,2026-08-03,CORE,A476,149632,SGD
T00903,2026-08-04,CARDS,A551,121126,SGD
T00904,2026-08-05,CORE,A887,73964,SGD
T00905,2026-08-06,CARDS,A896,100205,SGD
T00906,2026-08-07,CORE,A614,138370,SGD
T00907,2026-08-08,CARDS,A528,42582,SGD
T00908,2026-08-09,CORE,A304,36380,SGD
T00909,2026-08-10,CARDS,A356,13778,SGD
T00910,2026-08-11,CORE,A756,126083,SGD
T00911,2026-08-12,CARDS,A480,145469,SGD
T00912,2026-08-13,CORE,A205,135342,SGD
T00913,2026-08-14,CARDS,A227,74827,SGD
T00914,2026-08-15,CORE,A185,42124,SGD
T00915,2026-08-16,CARDS,A379,117886,SGD
T00916,2026-08-17,CORE,A625,38726,SGD
T00917,2026-08-18,CARDS,A547,24142,SGD
T00918,2026-08-19,CORE,A327,118360,SGD
T00919,2026-08-20,CARDS,A457,7091,SGD
T00920,2026-08-21,CORE,A524,14060,SGD
T00921,2026-08-22,CARDS,A505,131698,SGD
T00922,2026-08-23,CORE,A482,61907,SGD
T00923,2026-08-24,CARDS,A495,21492,SGD
T00924,2026-08-25,CORE,A483,58961,SGD
T00925,2026-08-26,CARDS,A128,83641,SGD
T00926,2026-08-27,CORE,A201,87994,SGD
T00927,2026-08-28,CARDS,A249,36170,SGD
T00928,2026-08-29,CORE,A139,75303,SGD
T00929,2026-08-30,CARDS,A583,36483,SGD
T00930,2026-08-01,CORE,A877,123074,SGD
T00931,2026-08-02,CARDS,A559,1476,SGD
T00932,2026-08-03,CORE,A181,5081,SGD
T00933,2026-08-04,CARDS,A362,56632,SGD
T00934,2026-08-05,CORE,A253,143965,SGD
T00935,2026-08-06,CARDS,A844,138452,SGD
T00936,2026-08-07,CORE,A533,29246,SGD
T00937,2026-08-08,CARDS,A894,75624,SGD
T00938,2026-08-09,CORE,A343,79044,SGD
T00939,2026-08-10,CARDS,A224,12617,SGD
T00940,2026-08-11,CORE,A344,110154,SGD
T00941,2026-08-12,CARDS,A754,119929,SGD
T00942,2026-08-13,CORE,A164,29160,SGD
T00943,2026-08-14,CARDS,A611,140623,SGD
T00944,2026-08-15,CORE,A116,135202,SGD
T00945,2026-08-16,CARDS,A688,63522,SGD
T00946,2026-08-17,CORE,A835,37737,SGD
T00947,2026-08-18,CARDS,A398,112622,SGD
T00948,2026-08-19,CORE,A101,92588,SGD
T00949,2026-08-20,CARDS,A346,149696,SGD
T00950,2026-08-21,CORE,A526,49203,SGD
T00951,2026-08-22,CARDS,A780,22543,SGD
T00952,2026-08-23,CORE,A636,94630,SGD
T00953,2026-08-24,CARDS,A169,138003,SGD
T00954,2026-08-25,CORE,A657,133092,SGD
T00955,2026-08-26,CARDS,A619,145367,SGD
T00956,2026-08-27,CORE,A120,102455,SGD
T00957,2026-08-28,CARDS,A581,11512,SGD
T00958,2026-08-29,CORE,A750,101518,SGD
T00959,2026-08-30,CARDS,A482,66592,SGD
T00960,2026-08-01,CORE,A865,4357,SGD
T00961,2026-08-02,CARDS,A465,17810,SGD
T00962,2026-08-03,CORE,A453,63309,SGD
T00963,2026-08-04,CARDS,A850,27274,SGD
T00964,2026-08-05,CORE,A890,87267,SGD
T00965,2026-08-06,CARDS,A236,11722,SGD
T00966,2026-08-07,CORE,A460,143234,SGD
T00967,2026-08-08,CARDS,A446,45998,SGD
T00968,2026-08-09,CORE,A897,121898,SGD
T00969,2026-08-10,CARDS,A812,125544,SGD
T00970,2026-08-11,CORE,A746,47883,SGD
T00971,2026-08-12,CARDS,A238,16641,SGD
T00972,2026-08-13,CORE,A833,120077,SGD
T00973,2026-08-14,CARDS,A137,77024,SGD
T00974,2026-08-15,CORE,A306,11583,SGD
T00975,2026-08-16,CARDS,A304,11085,SGD
T00976,2026-08-17,CORE,A423,81384,SGD
T00977,2026-08-18,CARDS,A627,104492,SGD
T00978,2026-08-19,CORE,A656,124198,SGD
T00979,2026-08-20,CARDS,A359,9699,SGD
T00980,2026-08-21,CORE,A871,50196,SGD
T00981,2026-08-22,CARDS,A392,93678,SGD
T00982,2026-08-23,CORE,A899,12631,SGD
T00983,2026-08-24,CARDS,A771,87112,SGD
T00984,2026-08-25,CORE,A379,32730,SGD
T00985,2026-08-26,CARDS,A476,114644,SGD
T00986,2026-08-27,CORE,A509,115374,SGD
T00987,2026-08-28,CARDS,A495,88976,SGD
T00988,2026-08-29,CORE,A291,130176,SGD
T00989,2026-08-30,CARDS,A808,130522,SGD
T00990,2026-08-01,CORE,A476,136225,SGD
T00991,2026-08-02,CARDS,A373,21756,SGD
T00992,2026-08-03,CORE,A844,111380,SGD
T00993,2026-08-04,CARDS,A180,112981,SGD
T00994,2026-08-05,CORE,A716,47405,SGD
T00995,2026-08-06,CARDS,A658,77109,SGD
T00996,2026-08-07,CORE,A428,26995,SGD
T00997,2026-08-08,CARDS,A181,86062,SGD
T00998,2026-08-09,CORE,A776,77600,SGD
T00999,2026-08-10,CARDS,A413,116994,SGD
T01000,2026-08-11,CORE,A717,111803,SGD
T00100,2026-08-11,CORE,A371,138426,SGD
T00300,2026-08-01,CORE,A536,143721,SGD
